Order_Date,Product_Category,Product_Name,Quantity,Unit_Price,Region,Revenue,COGS,Profit
2025-01-01,Home Decor,Jeans,3,283.59,North,850.77,579.2758392981356,271.4941607018644
2025-01-02,Sports,Laptop,1,163.18,West,163.18,68.40536669187843,94.77463330812158
2025-01-03,Electronics,Laptop,3,207.54,South,622.62,403.0984903310981,219.5215096689019
2025-01-04,Home Decor,Laptop,1,231.89,East,231.89,113.09621584204503,118.79378415795496
2025-01-05,Home Decor,Headphones,2,306.29,West,612.58,326.6128538324551,285.96714616754497
2025-01-06,Sports,Football,1,265.1,North,265.1,107.78276703747648,157.31723296252355
2025-01-07,Electronics,Headphones,3,460.91,North,1382.73,677.971632961152,704.7583670388481
2025-01-08,Electronics,Football,3,256.03,East,768.0899999999999,423.055809345533,345.0341906544669
2025-01-09,Home Decor,Headphones,3,496.2,South,1488.6,620.5271126218194,868.0728873781806
2025-01-10,Clothing,Headphones,2,427.94,East,855.88,468.4477038593391,387.4322961406609
2025-01-11,Home Decor,Jeans,2,116.13,West,232.26,157.50321439759747,74.75678560240252
2025-01-12,Home Decor,Vase,4,466.34,East,1865.36,805.1228879988727,1060.2371120011271
2025-01-13,Home Decor,Headphones,3,71.44,North,214.32,134.87848105234264,79.44151894765736
2025-01-14,Home Decor,Jeans,1,411.46,West,411.46,215.15297548662576,196.30702451337422
2025-01-15,Sports,T-Shirt,2,199.6,North,399.2,238.1436040514347,161.0563959485653
2025-01-16,Electronics,Vase,3,440.82,South,1322.46,632.2297474114639,690.2302525885361
2025-01-17,Sports,Headphones,3,436.01,North,1308.03,585.7981992515919,722.2318007484081
2025-01-18,Sports,Laptop,2,405.87,North,811.74,363.77217675255764,447.96782324744237
2025-01-19,Sports,T-Shirt,4,398.16,East,1592.64,670.7364876927295,921.9035123072706
2025-01-20,Home Decor,T-Shirt,2,162.77,North,325.54,148.34662849406521,177.1933715059348
2025-01-21,Clothing,Jeans,2,54.25,West,108.5,65.02034098139092,43.479659018609084
2025-01-22,Electronics,T-Shirt,1,210.45,West,210.45,139.84553677873987,70.60446322126012
2025-01-23,Clothing,Vase,1,99.16,South,99.16,63.88261089496588,35.27738910503412
2025-01-24,Sports,Headphones,4,352.05,West,1408.2,852.7218405495746,555.4781594504254
2025-01-25,Sports,Headphones,3,182.86,East,548.58,237.60621348901884,310.9737865109812
2025-01-26,Clothing,Laptop,2,488.17,South,976.34,475.2395813949763,501.1004186050237
2025-01-27,Clothing,Jeans,4,325.87,West,1303.48,642.5401197535996,660.9398802464004
2025-01-28,Clothing,Laptop,1,413.9,East,413.9,196.5971540341926,217.30284596580736
2025-01-29,Sports,T-Shirt,2,79.27,West,158.54,87.91069918711385,70.62930081288614
2025-01-30,Sports,Laptop,3,433.08,West,1299.24,728.4398815332797,570.8001184667203
2025-01-31,Electronics,Vase,1,462.54,North,462.54,234.53821168669361,228.0017883133064
2025-02-01,Electronics,Headphones,1,251.23,West,251.23,127.15673510480646,124.07326489519353
2025-02-02,Sports,T-Shirt,1,309.03,West,309.03,200.42656092627485,108.60343907372513
2025-02-03,Clothing,Laptop,4,385.93,East,1543.72,983.0221467424195,560.6978532575805
2025-02-04,Clothing,Jeans,3,99.8,East,299.4,147.40622160156457,151.9937783984354
2025-02-05,Electronics,Vase,2,258.74,North,517.48,348.85217318066026,168.62782681933976
2025-02-06,Sports,Vase,4,208.35,West,833.4,571.5828105509665,261.81718944903344
2025-02-07,Electronics,Laptop,4,85.99,North,343.96,171.29990942699584,172.66009057300414
2025-02-08,Electronics,Headphones,4,193.25,West,773.0,391.3911456251094,381.6088543748906
2025-02-09,Home Decor,Laptop,1,48.06,South,48.06,26.514233224037806,21.545766775962196
2025-02-10,Home Decor,T-Shirt,3,27.52,South,82.56,56.33368028483402,26.226319715165985
2025-02-11,Home Decor,Laptop,4,80.56,North,322.24,213.61155224073354,108.62844775926646
2025-02-12,Clothing,Vase,2,482.11,North,964.22,415.3574242647047,548.8625757352953
2025-02-13,Sports,Laptop,3,281.52,North,844.56,437.3294029611922,407.23059703880773
2025-02-14,Sports,Headphones,2,483.42,East,966.84,547.2424203293008,419.59757967069925
2025-02-15,Sports,Jeans,3,224.76,East,674.28,371.4876490776157,302.7923509223843
2025-02-16,Sports,Football,2,166.23,East,332.46,152.3195146698898,180.14048533011018
2025-02-17,Home Decor,Laptop,1,260.48,North,260.48,171.3033777661643,89.17662223383573
2025-02-18,Clothing,Headphones,4,228.16,West,912.64,550.3969708582702,362.24302914172983
2025-02-19,Clothing,Headphones,2,66.25,South,132.5,86.30685790035919,46.19314209964081
2025-02-20,Home Decor,Jeans,3,325.8,North,977.4000000000001,642.7668619908522,334.63313800914784
2025-02-21,Clothing,Vase,4,119.78,East,479.12,299.2136769824988,179.90632301750122
2025-02-22,Home Decor,Headphones,4,315.5,East,1262.0,671.085133633143,590.914866366857
2025-02-23,Sports,Headphones,3,330.35,North,991.0500000000001,577.944708467411,413.10529153258904
2025-02-24,Home Decor,Headphones,2,88.73,North,177.46,79.52153349100288,97.93846650899712
2025-02-25,Sports,Headphones,1,44.75,East,44.75,26.94368972960063,17.80631027039937
2025-02-26,Sports,T-Shirt,1,393.67,West,393.67,178.6379887560648,215.03201124393522
2025-02-27,Electronics,T-Shirt,2,238.0,East,476.0,289.4960015248504,186.50399847514961
2025-02-28,Home Decor,Vase,4,43.21,East,172.84,81.04112383141478,91.79887616858522
2025-03-01,Electronics,Laptop,4,497.51,North,1990.04,866.1955368052832,1123.8444631947168
2025-03-02,Home Decor,Headphones,4,43.02,West,172.08,77.36464651914004,94.71535348085997
2025-03-03,Home Decor,Jeans,4,352.09,East,1408.36,564.1856930671389,844.174306932861
2025-03-04,Electronics,Laptop,2,492.08,East,984.16,605.8704346920191,378.28956530798087
2025-03-05,Electronics,Jeans,4,131.0,South,524.0,324.73344491197713,199.26655508802287
2025-03-06,Home Decor,Laptop,3,83.99,North,251.96999999999997,139.71232685329315,112.25767314670682
2025-03-07,Clothing,Vase,4,73.87,South,295.48,132.49584413675345,162.98415586324657
2025-03-08,Sports,Headphones,1,162.09,South,162.09,68.89899677013231,93.19100322986769
2025-03-09,Electronics,Headphones,4,64.01,East,256.04,103.88533416998091,152.1546658300191
2025-03-10,Sports,Football,2,350.7,North,701.4,315.43673139702173,385.96326860297825
2025-03-11,Clothing,Jeans,1,45.21,West,45.21,30.166673620976415,15.043326379023586
2025-03-12,Clothing,Laptop,2,262.07,East,524.14,247.63573606285584,276.5042639371442
2025-03-13,Clothing,Laptop,2,498.4,West,996.8,504.66129769103617,492.1387023089638
2025-03-14,Electronics,T-Shirt,1,409.78,West,409.78,176.8625417892282,232.91745821077177
2025-03-15,Clothing,Football,2,313.38,North,626.76,292.51415140918897,334.245848590811
2025-03-16,Electronics,T-Shirt,2,163.53,South,327.06,181.76927643581215,145.29072356418786
2025-03-17,Clothing,T-Shirt,4,317.59,North,1270.36,739.763409549218,530.596590450782
2025-03-18,Sports,T-Shirt,3,270.62,West,811.86,384.50151893369406,427.35848106630596
2025-03-19,Sports,Jeans,2,221.65,East,443.3,184.99779985534835,258.3022001446517
2025-03-20,Home Decor,Jeans,2,78.39,West,156.78,81.10383996653808,75.67616003346193
2025-03-21,Sports,Vase,2,445.0,East,890.0,418.53230003733125,471.46769996266875
2025-03-22,Home Decor,Vase,4,233.15,East,932.6,434.46679664123405,498.13320335876597
2025-03-23,Sports,T-Shirt,3,109.39,North,328.17,225.76745278994235,102.40254721005766
2025-03-24,Electronics,Football,1,193.36,West,193.36,113.09435858757939,80.26564141242062
2025-03-25,Sports,Laptop,4,215.85,South,863.4,489.6026543504362,373.7973456495638
2025-03-26,Home Decor,Jeans,4,416.36,West,1665.44,873.9105465235644,791.5294534764356
2025-03-27,Home Decor,Football,3,370.8,West,1112.4,588.1073029523078,524.2926970476923
2025-03-28,Clothing,Headphones,3,388.11,South,1164.33,654.6695769356377,509.66042306436225
2025-03-29,Electronics,Jeans,4,20.35,North,81.4,49.56681588782174,31.833184112178266
2025-03-30,Sports,Jeans,1,216.83,West,216.83,132.40590141053184,84.42409858946817
2025-03-31,Clothing,Vase,4,248.45,West,993.8,448.7088216433027,545.0911783566972
2025-04-01,Sports,Laptop,3,24.31,East,72.92999999999999,40.11396690268452,32.816033097315476
2025-04-02,Sports,Laptop,1,141.01,West,141.01,73.8310632942276,67.17893670577239
2025-04-03,Clothing,Headphones,3,383.74,South,1151.22,761.138416232592,390.081583767408
2025-04-04,Clothing,Headphones,1,81.5,East,81.5,48.0381926237893,33.4618073762107
2025-04-05,Clothing,Jeans,2,274.63,North,549.26,307.4489550558926,241.81104494410738
2025-04-06,Clothing,T-Shirt,3,119.37,East,358.11,155.64119259320765,202.46880740679237
2025-04-07,Clothing,Vase,3,20.88,South,62.64,36.43714721616554,26.20285278383446
2025-04-08,Sports,Vase,4,131.98,South,527.92,229.73028576601263,298.18971423398733
2025-04-09,Clothing,Jeans,3,488.3,East,1464.9,734.1521737638811,730.747826236119
2025-04-10,Electronics,Football,3,403.75,North,1211.25,536.4051989644079,674.8448010355921
2025-04-11,Home Decor,T-Shirt,2,480.39,East,960.78,583.7911555764219,376.98884442357803
2025-04-12,Clothing,Jeans,3,251.61,North,754.83,348.6375849260829,406.1924150739171
2025-04-13,Clothing,T-Shirt,2,68.22,East,136.44,70.61558786333228,65.82441213666772
2025-04-14,Sports,T-Shirt,2,280.76,South,561.52,375.4897903385489,186.03020966145107
2025-04-15,Clothing,T-Shirt,2,235.37,West,470.74,217.1499682963694,253.59003170363061
2025-04-16,Clothing,Jeans,2,424.51,West,849.02,468.9489966206848,380.0710033793152
2025-04-17,Clothing,Vase,1,62.57,North,62.57,32.898148351747395,29.671851648252606
2025-04-18,Sports,Vase,4,251.8,North,1007.2,408.3563602423777,598.8436397576223
2025-04-19,Clothing,T-Shirt,1,87.77,North,87.77,55.98211388848573,31.78788611151427
2025-04-20,Home Decor,Football,3,172.47,South,517.41,217.6815127158711,299.72848728412885
2025-04-21,Sports,Laptop,1,372.62,East,372.62,202.06307177492974,170.55692822507027
2025-04-22,Home Decor,Jeans,1,245.87,South,245.87,139.7041917129919,106.1658082870081
2025-04-23,Sports,Laptop,3,197.31,West,591.9300000000001,348.3673417391618,243.56265826083825
2025-04-24,Clothing,Football,3,206.32,North,618.96,375.4546299829208,243.50537001707926
2025-04-25,Home Decor,Jeans,3,237.83,East,713.49,339.6081938758866,373.8818061241134
2025-04-26,Sports,T-Shirt,1,395.73,West,395.73,159.47667038611445,236.25332961388557
2025-04-27,Electronics,Vase,1,447.66,West,447.66,276.22103696694,171.43896303306002
2025-04-28,Clothing,Laptop,3,478.34,West,1435.02,804.6113799587287,630.4086200412713
2025-04-29,Sports,Headphones,4,396.65,South,1586.6,1032.6153043725863,553.9846956274137
2025-04-30,Electronics,Headphones,4,167.97,North,671.88,434.31432397971554,237.56567602028446
2025-05-01,Sports,Football,2,348.75,West,697.5,455.4660006096145,242.03399939038547
2025-05-02,Electronics,T-Shirt,3,227.24,North,681.72,371.8976194803757,309.82238051962435
2025-05-03,Clothing,Laptop,2,138.52,South,277.04,138.54452323479362,138.4954767652064
2025-05-04,Home Decor,T-Shirt,4,422.82,West,1691.28,1078.1359670636198,613.1440329363802
2025-05-05,Electronics,Laptop,2,33.64,South,67.28,36.02092037738248,31.25907962261752
2025-05-06,Sports,Football,3,452.35,South,1357.0500000000002,617.5020697887843,739.5479302112159
2025-05-07,Clothing,Football,3,238.82,North,716.46,470.3504058165042,246.10959418349586
2025-05-08,Electronics,Headphones,3,324.04,West,972.1200000000001,646.2342322223803,325.8857677776198
2025-05-09,Sports,T-Shirt,1,334.79,South,334.79,180.75075297745028,154.03924702254974
2025-05-10,Sports,Jeans,2,449.13,West,898.26,379.7034111159869,518.5565888840131
2025-05-11,Sports,Headphones,4,323.78,North,1295.12,668.7323976719648,626.3876023280351
2025-05-12,Electronics,T-Shirt,4,312.76,South,1251.04,801.9933260482285,449.0466739517715
2025-05-13,Electronics,Headphones,4,47.33,North,189.32,126.94515772531159,62.374842274688405
2025-05-14,Electronics,Jeans,1,266.43,West,266.43,122.83537283509034,143.59462716490967
2025-05-15,Home Decor,Vase,1,87.83,West,87.83,36.89668770325388,50.93331229674612
2025-05-16,Electronics,Vase,3,372.66,North,1117.98,741.4500778780354,376.52992212196466
2025-05-17,Electronics,Vase,4,263.43,East,1053.72,544.5851316902462,509.13486830975387
2025-05-18,Electronics,Vase,1,344.91,South,344.91,194.02163225565758,150.88836774434245
2025-05-19,Home Decor,Laptop,3,35.21,West,105.63,72.92903751807648,32.70096248192351
2025-05-20,Electronics,Vase,4,56.12,West,224.48,94.27473503665543,130.20526496334458
2025-05-21,Sports,Jeans,2,362.42,South,724.84,430.914047356473,293.925952643527
2025-05-22,Electronics,Football,3,49.96,North,149.88,63.284076220656324,86.59592377934368
2025-05-23,Sports,Football,1,49.56,North,49.56,25.40647202843993,24.153527971560074
2025-05-24,Sports,Laptop,1,20.87,North,20.87,13.380682867456171,7.48931713254383
2025-05-25,Sports,Vase,3,478.9,East,1436.6999999999998,761.5108670400059,675.1891329599939
2025-05-26,Home Decor,Vase,3,372.69,East,1118.07,781.7039023284815,336.36609767151845
2025-05-27,Home Decor,Vase,1,186.33,West,186.33,105.78285496923013,80.54714503076988
2025-05-28,Home Decor,Headphones,2,158.82,North,317.64,157.6601838489853,159.9798161510147
2025-05-29,Electronics,T-Shirt,4,184.61,South,738.44,344.1377022503318,394.30229774966824
2025-05-30,Sports,Headphones,2,390.71,West,781.42,394.73912677056774,386.6808732294322
2025-05-31,Home Decor,T-Shirt,3,335.76,South,1007.28,515.4855947977561,491.79440520224387
2025-06-01,Home Decor,Vase,2,104.82,West,209.64,88.17754061941535,121.46245938058463
2025-06-02,Electronics,Vase,1,99.44,East,99.44,50.801137517299495,48.6388624827005
2025-06-03,Home Decor,Headphones,3,62.72,West,188.16,101.46933596223977,86.69066403776023
2025-06-04,Electronics,Headphones,4,335.25,East,1341.0,827.1573977256711,513.8426022743289
2025-06-05,Clothing,T-Shirt,1,385.72,West,385.72,230.2821090540456,155.43789094595442
2025-06-06,Home Decor,Football,1,143.55,North,143.55,87.94299294244352,55.60700705755649
2025-06-07,Clothing,T-Shirt,4,25.16,South,100.64,40.50851628322607,60.13148371677393
2025-06-08,Electronics,Headphones,4,54.85,North,219.4,102.08686824039088,117.31313175960912
2025-06-09,Sports,Jeans,2,484.41,West,968.82,579.8438916862647,388.9761083137354
2025-06-10,Home Decor,Headphones,3,158.29,West,474.87,258.89760938025495,215.97239061974506
2025-06-11,Electronics,Jeans,4,388.07,West,1552.28,623.386400603138,928.893599396862
2025-06-12,Sports,Laptop,4,317.96,East,1271.84,815.6925398091466,456.1474601908533
2025-06-13,Sports,Headphones,3,200.24,South,600.72,379.56065006009146,221.15934993990857
2025-06-14,Clothing,Laptop,4,114.76,South,459.04,259.1398997741695,199.9001002258305
2025-06-15,Electronics,Football,4,73.87,West,295.48,124.08357505011189,171.39642494988811
2025-06-16,Sports,T-Shirt,2,313.28,West,626.56,394.70430083054083,231.85569916945911
2025-06-17,Home Decor,Jeans,1,390.7,East,390.7,224.69706961799315,166.00293038200684
2025-06-18,Home Decor,T-Shirt,1,327.29,North,327.29,207.69430427720852,119.5956957227915
2025-06-19,Clothing,Laptop,1,272.2,North,272.2,170.2676593990443,101.93234060095568
2025-06-20,Sports,Jeans,1,35.35,South,35.35,22.655836973112866,12.694163026887136
2025-06-21,Electronics,T-Shirt,4,484.72,East,1938.88,1076.8586439371797,862.0213560628204
2025-06-22,Home Decor,Headphones,3,402.38,West,1207.1399999999999,533.6734016676359,673.466598332364
2025-06-23,Sports,Vase,3,157.02,South,471.06000000000006,283.27063182307086,187.7893681769292
2025-06-24,Sports,Laptop,2,490.29,East,980.58,574.7592552438783,405.8207447561217
2025-06-25,Clothing,T-Shirt,2,306.91,North,613.82,382.21095540996316,231.6090445900369
2025-06-26,Home Decor,Laptop,4,297.47,East,1189.88,536.5934034438948,653.2865965561053
2025-06-27,Home Decor,Laptop,3,377.82,North,1133.46,519.6829770236945,613.7770229763055
2025-06-28,Electronics,Jeans,3,408.71,East,1226.1299999999999,817.9793464044404,408.15065359555945
2025-06-29,Home Decor,Jeans,1,333.39,South,333.39,208.36652946778074,125.02347053221925
2025-06-30,Electronics,Vase,4,77.13,North,308.52,207.46999600014706,101.05000399985292
2025-07-01,Home Decor,Headphones,4,179.06,South,716.24,449.5226784891339,266.7173215108661
2025-07-02,Clothing,Laptop,1,465.12,South,465.12,269.37266277666276,195.74733722333724
2025-07-03,Home Decor,T-Shirt,4,123.94,North,495.76,295.59185371268154,200.16814628731845
2025-07-04,Electronics,Football,4,195.5,North,782.0,521.3894109563264,260.6105890436736
2025-07-05,Electronics,Laptop,2,224.56,West,449.12,257.63410687592085,191.48589312407915
2025-07-06,Clothing,Laptop,3,228.11,West,684.33,403.56130649329356,280.7686935067065
2025-07-07,Home Decor,Vase,4,312.28,West,1249.12,558.2854586483252,690.8345413516747
2025-07-08,Home Decor,Headphones,2,472.39,South,944.78,512.2373871023874,432.54261289761257
2025-07-09,Clothing,Football,3,131.74,South,395.22,243.02833997642398,152.19166002357605
2025-07-10,Home Decor,Jeans,1,73.93,West,73.93,35.581238105958676,38.34876189404133
2025-07-11,Home Decor,Jeans,2,110.77,South,221.54,102.05821734602164,119.48178265397836
2025-07-12,Electronics,T-Shirt,2,445.16,South,890.32,439.94988516950855,450.3701148304915
2025-07-13,Home Decor,Football,3,328.22,North,984.6600000000001,465.202802507827,519.457197492173
2025-07-14,Home Decor,Jeans,1,153.66,North,153.66,71.37104274210377,82.28895725789623
2025-07-15,Clothing,T-Shirt,2,410.73,South,821.46,433.2833920147256,388.1766079852744
2025-07-16,Clothing,Headphones,4,432.76,West,1731.04,1163.8674343218859,567.1725656781141
2025-07-17,Sports,T-Shirt,4,425.56,East,1702.24,939.8371639193548,762.4028360806452
2025-07-18,Electronics,Jeans,4,460.68,West,1842.72,840.9733932408036,1001.7466067591964
2025-07-19,Home Decor,Vase,1,137.34,East,137.34,58.10738672183078,79.23261327816923
2025-07-20,Home Decor,Vase,2,381.2,West,762.4,464.1848335159462,298.2151664840538
2025-07-21,Sports,Vase,4,238.36,North,953.44,490.86869618926886,462.5713038107312
2025-07-22,Home Decor,Jeans,1,423.37,South,423.37,273.7295703567531,149.64042964324693
2025-07-23,Electronics,Vase,4,368.32,South,1473.28,880.8052075669221,592.4747924330778
2025-07-24,Sports,Football,3,391.58,North,1174.74,750.5090044826902,424.2309955173098
2025-07-25,Electronics,Headphones,2,333.24,East,666.48,320.9659789054823,345.5140210945177
2025-07-26,Sports,T-Shirt,2,101.05,East,202.1,122.81772146881394,79.28227853118605
2025-07-27,Sports,T-Shirt,1,279.34,East,279.34,133.864922441303,145.47507755869697
2025-07-28,Clothing,Jeans,1,492.56,North,492.56,335.7882710714107,156.7717289285893
2025-07-29,Electronics,Vase,2,469.63,East,939.26,555.0202723019112,384.2397276980888
2025-07-30,Home Decor,Vase,4,35.94,North,143.76,71.49954491796215,72.26045508203784
2025-07-31,Home Decor,Laptop,4,94.94,West,379.76,182.60894744723404,197.15105255276595
2025-08-01,Electronics,Headphones,3,78.89,West,236.67000000000002,108.22397846667177,128.44602153332823
2025-08-02,Home Decor,Football,4,367.1,North,1468.4,893.3632352118649,575.0367647881352
2025-08-03,Home Decor,T-Shirt,1,411.63,South,411.63,191.66097233350106,219.96902766649893
2025-08-04,Electronics,Laptop,1,118.55,West,118.55,68.59196065271114,49.95803934728886
2025-08-05,Sports,Laptop,4,260.34,East,1041.36,499.218099491697,542.1419005083029
2025-08-06,Electronics,Jeans,1,422.74,North,422.74,253.04822551664802,169.691774483352
2025-08-07,Sports,T-Shirt,2,370.41,East,740.82,477.4450949092207,263.37490509077935
2025-08-08,Home Decor,Jeans,2,277.99,East,555.98,352.1619424050693,203.81805759493074
2025-08-09,Home Decor,Football,4,301.32,South,1205.28,757.2236676432757,448.0563323567243
2025-08-10,Home Decor,Laptop,2,261.55,East,523.1,238.69927712528514,284.4007228747149
2025-08-11,Clothing,Laptop,2,159.31,South,318.62,135.8963635424622,182.7236364575378
2025-08-12,Sports,Headphones,3,289.04,West,867.1200000000001,528.6697524473946,338.45024755260556
2025-08-13,Clothing,Football,3,349.11,North,1047.33,534.6663262269713,512.6636737730287
2025-08-14,Clothing,Laptop,2,438.56,East,877.12,464.6138566308712,412.5061433691288
2025-08-15,Electronics,Football,4,323.6,North,1294.4,529.8558157135296,764.5441842864705
2025-08-16,Clothing,T-Shirt,3,384.14,East,1152.42,550.7103275020656,601.7096724979344
2025-08-17,Electronics,Vase,1,92.63,North,92.63,37.98783358726748,54.642166412732514
2025-08-18,Electronics,Laptop,1,238.86,East,238.86,158.5446940930602,80.31530590693981
2025-08-19,Clothing,Headphones,1,19.53,East,19.53,9.23806116697737,10.29193883302263
2025-08-20,Sports,T-Shirt,4,134.64,East,538.56,305.47185181357173,233.0881481864282
2025-08-21,Sports,Football,2,367.33,East,734.66,302.45496431507183,432.20503568492813
2025-08-22,Sports,Jeans,1,496.03,East,496.03,297.6448934528037,198.3851065471963
2025-08-23,Sports,T-Shirt,4,63.1,East,252.4,125.41963062049999,126.98036937950002
2025-08-24,Sports,Laptop,3,209.72,East,629.16,421.14445069988545,208.01554930011451
2025-08-25,Clothing,Football,2,403.03,East,806.06,537.1869642116505,268.8730357883494
2025-08-26,Clothing,Vase,3,113.96,East,341.88,170.1151069816543,171.7648930183457
2025-08-27,Home Decor,T-Shirt,4,284.22,North,1136.88,762.0373269277737,374.8426730722264
2025-08-28,Sports,Laptop,1,370.54,South,370.54,258.9508793014712,111.5891206985288
2025-08-29,Clothing,Headphones,1,313.75,East,313.75,203.1922493856666,110.5577506143334
2025-08-30,Home Decor,Jeans,4,106.19,South,424.76,277.56426610175333,147.19573389824666
2025-08-31,Sports,Football,1,187.36,East,187.36,88.94028303921974,98.41971696078028
2025-09-01,Electronics,T-Shirt,2,395.14,East,790.28,452.83891153079225,337.4410884692077
2025-09-02,Home Decor,T-Shirt,4,283.8,North,1135.2,476.98467406072683,658.2153259392733
2025-09-03,Clothing,Vase,3,17.54,West,52.62,22.54637455066688,30.073625449333118
2025-09-04,Electronics,Vase,4,384.08,West,1536.32,1074.9136093156953,461.4063906843046
2025-09-05,Electronics,Headphones,2,32.13,North,64.26,32.000951450432716,32.25904854956729
2025-09-06,Electronics,Jeans,2,376.68,South,753.36,470.43954959433563,282.9204504056644
2025-09-07,Home Decor,Headphones,4,113.2,West,452.8,290.69738080316273,162.10261919683728
2025-09-08,Clothing,Laptop,4,479.67,North,1918.68,1261.3536268848452,657.3263731151549
2025-09-09,Electronics,Laptop,1,193.45,North,193.45,135.27735823973413,58.17264176026586
2025-09-10,Sports,Headphones,2,173.56,West,347.12,163.9964779887092,183.12352201129082
2025-09-11,Electronics,Jeans,4,87.21,South,348.84,143.7587947325213,205.08120526747868
2025-09-12,Electronics,Headphones,4,163.22,North,652.88,341.68961548049157,311.1903845195084
2025-09-13,Home Decor,Jeans,2,440.18,East,880.36,386.49934554718357,493.86065445281645
2025-09-14,Home Decor,Jeans,4,498.22,South,1992.88,810.559631797983,1182.320368202017
2025-09-15,Clothing,Football,1,193.63,South,193.63,98.38883396182179,95.2411660381782
2025-09-16,Sports,Jeans,2,232.58,West,465.16,295.4331054610471,169.72689453895293
2025-09-17,Home Decor,Vase,1,365.2,West,365.2,208.11075653061874,157.08924346938124
2025-09-18,Electronics,Jeans,1,444.8,East,444.8,219.65709488022966,225.14290511977035
2025-09-19,Clothing,Jeans,1,302.63,North,302.63,180.45905633667851,122.17094366332148
2025-09-20,Electronics,Jeans,1,204.89,West,204.89,96.21746148904165,108.67253851095833
2025-09-21,Electronics,Laptop,2,215.12,West,430.24,173.95224200741617,256.2877579925838
2025-09-22,Home Decor,Vase,1,352.37,South,352.37,221.74856083358117,130.62143916641884
2025-09-23,Clothing,Vase,1,16.56,West,16.56,9.722755645604396,6.837244354395603
2025-09-24,Sports,Headphones,4,315.5,West,1262.0,793.4077736360633,468.5922263639367
2025-09-25,Sports,Football,2,187.41,West,374.82,154.30642422446124,220.51357577553875
2025-09-26,Home Decor,Jeans,2,400.19,West,800.38,521.1561423169292,279.22385768307083
2025-09-27,Home Decor,T-Shirt,3,60.1,South,180.3,105.63017215996366,74.66982784003635
2025-09-28,Clothing,Football,2,300.28,East,600.56,341.7298135471949,258.83018645280504
2025-09-29,Sports,Football,2,248.27,East,496.54,291.65975783523686,204.88024216476316
2025-09-30,Sports,Vase,3,326.53,North,979.5899999999999,645.8730492899341,333.7169507100658
2025-10-01,Sports,Football,2,46.45,West,92.9,53.51792043779674,39.382079562203266
2025-10-02,Electronics,Jeans,2,296.29,South,592.58,340.3098728342412,252.27012716575882
2025-10-03,Sports,Jeans,2,287.32,North,574.64,400.64116124488146,173.99883875511853
2025-10-04,Electronics,Laptop,2,286.92,North,573.84,359.80861172118813,214.0313882788119
2025-10-05,Clothing,Jeans,3,307.69,East,923.0699999999999,491.7084428993338,431.3615571006661
2025-10-06,Electronics,Jeans,2,343.09,South,686.18,420.0925020447782,266.08749795522175
2025-10-07,Clothing,Vase,2,405.42,South,810.84,419.01709069997094,391.8229093000291
2025-10-08,Sports,Jeans,3,145.86,South,437.58000000000004,205.07739746205888,232.50260253794116
2025-10-09,Sports,Laptop,4,415.15,East,1660.6,961.5796680279439,699.020331972056
2025-10-10,Clothing,T-Shirt,1,256.65,East,256.65,174.12538064428364,82.52461935571634
2025-10-11,Home Decor,Vase,4,52.37,East,209.48,142.18284399585173,67.29715600414826
2025-10-12,Clothing,T-Shirt,3,43.4,East,130.2,65.43482016280045,64.76517983719954
2025-10-13,Home Decor,Vase,1,177.11,East,177.11,98.88108681275732,78.2289131872427
2025-10-14,Electronics,Headphones,3,395.68,West,1187.04,550.1820831115105,636.8579168884895
2025-10-15,Electronics,Football,3,358.23,West,1074.69,750.8744391202066,323.81556087979345
2025-10-16,Electronics,Headphones,2,397.48,South,794.96,551.9688476116082,242.9911523883918
2025-10-17,Sports,Jeans,1,265.88,North,265.88,158.1594302691848,107.72056973081519
2025-10-18,Electronics,T-Shirt,2,228.5,South,457.0,293.0851675817816,163.9148324182184
2025-10-19,Home Decor,Jeans,1,86.51,North,86.51,53.16299448579586,33.34700551420414
2025-10-20,Electronics,Football,3,174.17,East,522.51,301.98333030909373,220.52666969090626
2025-10-21,Clothing,Vase,3,225.5,North,676.5,281.4269759888968,395.0730240111032
2025-10-22,Clothing,Football,4,57.97,South,231.88,124.38722672533329,107.4927732746667
2025-10-23,Sports,Laptop,1,122.0,South,122.0,73.49717865932723,48.50282134067277
2025-10-24,Clothing,Football,2,305.14,North,610.28,368.15719799628044,242.12280200371953
2025-10-25,Home Decor,Laptop,4,371.8,West,1487.2,761.3523874353307,725.8476125646694
2025-10-26,Electronics,Football,4,499.2,East,1996.8,1362.8311676876267,633.9688323123733
2025-10-27,Sports,Laptop,4,467.56,East,1870.24,841.9953447911553,1028.2446552088447
2025-10-28,Electronics,T-Shirt,2,326.64,South,653.28,359.37444570711034,293.90555429288963
2025-10-29,Electronics,Jeans,4,219.31,West,877.24,532.7173178768331,344.5226821231669
2025-10-30,Home Decor,Jeans,2,323.55,North,647.1,394.17497399777693,252.9250260022231
2025-10-31,Clothing,Headphones,4,396.04,East,1584.16,941.9283669264661,642.231633073534
2025-11-01,Clothing,Jeans,2,72.39,West,144.78,69.8688682630681,74.9111317369319
2025-11-02,Electronics,Vase,3,213.8,East,641.4000000000001,286.6172679466798,354.7827320533203
2025-11-03,Sports,Football,3,422.3,West,1266.9,748.461840017028,518.4381599829721
2025-11-04,Clothing,Headphones,3,201.16,West,603.48,349.8920523143484,253.5879476856516
2025-11-05,Sports,Vase,3,292.36,South,877.08,398.02487085134624,479.0551291486538
2025-11-06,Clothing,Vase,3,300.07,East,900.21,550.5159930702231,349.69400692977695
2025-11-07,Sports,Laptop,4,104.47,North,417.88,224.2141815716981,193.6658184283019
2025-11-08,Home Decor,Jeans,4,190.68,South,762.72,457.88230752826706,304.83769247173296
2025-11-09,Sports,T-Shirt,4,177.24,South,708.96,461.6819294621538,247.27807053784625
2025-11-10,Home Decor,T-Shirt,2,27.71,North,55.42,24.989904853519924,30.430095146480078
2025-11-11,Home Decor,Headphones,2,26.73,South,53.46,21.69104539293327,31.768954607066732
2025-11-12,Sports,T-Shirt,2,418.37,West,836.74,530.2678894422432,306.47211055775676
2025-11-13,Home Decor,Football,2,147.44,West,294.88,171.888273018701,122.991726981299
2025-11-14,Electronics,T-Shirt,3,266.27,East,798.81,487.1877253829541,311.62227461704583
2025-11-15,Home Decor,Headphones,3,159.88,East,479.64,312.45979566106575,167.18020433893423
2025-11-16,Clothing,T-Shirt,3,471.23,North,1413.69,905.9537371356143,507.7362628643857
2025-11-17,Sports,Football,1,140.76,East,140.76,96.88173596451038,43.87826403548961
2025-11-18,Electronics,Laptop,4,223.38,West,893.52,501.06861349678337,392.4513865032166
2025-11-19,Sports,Headphones,2,438.27,North,876.54,479.07178855551405,397.4682114444859
2025-11-20,Clothing,Laptop,2,423.34,North,846.68,440.75295632104496,405.927043678955
2025-11-21,Clothing,Laptop,3,105.26,East,315.78000000000003,140.8717672528029,174.90823274719713
2025-11-22,Clothing,Laptop,2,404.28,West,808.56,462.3201912657264,346.23980873427354
2025-11-23,Home Decor,Vase,2,237.22,North,474.44,229.20374661236522,245.23625338763478
2025-11-24,Home Decor,Jeans,4,249.24,West,996.96,674.3360212127544,322.6239787872456
2025-11-25,Sports,Vase,3,79.74,West,239.21999999999997,137.54127125975015,101.67872874024982
2025-11-26,Sports,Jeans,4,54.09,West,216.36,125.02407043642042,91.3359295635796
2025-11-27,Electronics,Laptop,1,368.05,East,368.05,186.40900643073508,181.64099356926494
2025-11-28,Electronics,Headphones,1,255.78,South,255.78,106.3013509346574,149.4786490653426
2025-11-29,Sports,Jeans,1,226.87,South,226.87,92.90851241505099,133.961487584949
2025-11-30,Home Decor,Football,3,368.81,North,1106.43,583.0892110636267,523.3407889363733
2025-12-01,Clothing,Football,2,386.27,West,772.54,328.615041158572,443.92495884142795
2025-12-02,Sports,T-Shirt,3,92.07,East,276.21,160.76915927692252,115.44084072307746
2025-12-03,Electronics,Jeans,3,310.96,West,932.8799999999999,619.7046292503369,313.175370749663
2025-12-04,Home Decor,Headphones,2,80.65,West,161.3,107.24424797134095,54.05575202865906
2025-12-05,Sports,Vase,4,379.42,East,1517.68,907.1380114148459,610.5419885851542
2025-12-06,Sports,Laptop,1,333.62,South,333.62,154.58934908479978,179.03065091520023
2025-12-07,Home Decor,T-Shirt,4,478.96,West,1915.84,1262.3451548171745,653.4948451828254
2025-12-08,Sports,Football,1,48.44,West,48.44,32.252709801971534,16.187290198028464
2025-12-09,Home Decor,Vase,3,42.67,South,128.01,58.75608762294847,69.25391237705152
2025-12-10,Clothing,Vase,1,151.86,East,151.86,94.33965761554052,57.5203423844595
2025-12-11,Home Decor,Laptop,3,141.93,North,425.79,206.91514762130393,218.8748523786961
2025-12-12,Home Decor,Jeans,4,134.78,South,539.12,345.4638335587134,193.6561664412866
2025-12-13,Home Decor,Football,3,454.53,North,1363.59,953.383088378866,410.20691162113394
2025-12-14,Sports,Headphones,4,136.03,North,544.12,222.5493250059488,321.5706749940512
2025-12-15,Sports,Vase,2,146.9,South,293.8,196.61382741081272,97.1861725891873
2025-12-16,Home Decor,Laptop,2,383.31,West,766.62,449.84430590022095,316.77569409977906
2025-12-17,Sports,Headphones,2,233.12,North,466.24,322.64497370782186,143.59502629217815
2025-12-18,Electronics,Jeans,3,391.7,North,1175.1,633.9698052135915,541.1301947864084
2025-12-19,Electronics,Football,2,46.7,East,93.4,61.10380981460989,32.29619018539012
2025-12-20,Sports,Jeans,1,251.47,West,251.47,105.29507092912263,146.17492907087737
2025-12-21,Sports,Vase,4,31.3,North,125.2,62.67308112094079,62.52691887905921
2025-12-22,Home Decor,Headphones,4,45.39,East,181.56,76.27425677823291,105.28574322176709
2025-12-23,Clothing,Headphones,1,454.62,West,454.62,314.8711486026765,139.7488513973235
2025-12-24,Sports,Headphones,3,82.53,South,247.59,159.71837091043022,87.87162908956978
2025-12-25,Electronics,Vase,3,273.22,South,819.6600000000001,537.5037057895416,282.15629421045844
2025-12-26,Home Decor,Vase,4,214.38,East,857.52,584.3051835777578,273.21481642224217
2025-12-27,Sports,Jeans,2,183.46,South,366.92,156.13585133812148,210.78414866187853
2025-12-28,Electronics,T-Shirt,3,451.42,North,1354.26,698.3638186911321,655.8961813088679
2025-12-29,Electronics,Jeans,3,25.58,West,76.74,32.33136521557102,44.408634784428976
2025-12-30,Clothing,Football,1,336.94,North,336.94,156.08338829088,180.85661170912
2025-12-31,Home Decor,Laptop,1,482.25,North,482.25,226.08349379292525,256.16650620707475
2026-01-01,Home Decor,Headphones,2,286.68,South,573.36,310.0341931578719,263.3258068421281
2026-01-02,Clothing,T-Shirt,3,469.36,North,1408.08,676.6791050244375,731.4008949755624
2026-01-03,Clothing,Laptop,3,40.35,South,121.05000000000001,52.087019949087,68.96298005091302
2026-01-04,Home Decor,T-Shirt,1,218.11,West,218.11,98.20344443269475,119.90655556730526
2026-01-05,Home Decor,Jeans,3,141.18,West,423.54,188.1291276560558,235.41087234394422
2026-01-06,Sports,Vase,4,369.45,North,1477.8,1022.5238675864383,455.27613241356164
2026-01-07,Sports,Headphones,1,490.93,East,490.93,308.19984112644585,182.73015887355416
2026-01-08,Clothing,Jeans,2,139.42,South,278.84,192.49118209272936,86.34881790727061
2026-01-09,Sports,Laptop,1,332.27,South,332.27,176.7417714355948,155.52822856440517
2026-01-10,Electronics,Laptop,3,111.08,North,333.24,161.12505384877912,172.1149461512209
2026-01-11,Sports,Laptop,2,289.19,South,578.38,369.86704582055484,208.51295417944516
2026-01-12,Sports,Laptop,1,240.01,South,240.01,119.49526086071668,120.51473913928331
2026-01-13,Electronics,Laptop,4,486.42,East,1945.68,953.0232727653066,992.6567272346934
2026-01-14,Clothing,T-Shirt,4,310.14,East,1240.56,582.7552901080041,657.8047098919958
2026-01-15,Electronics,Jeans,1,184.51,North,184.51,80.9821204816461,103.52787951835388
2026-01-16,Sports,Headphones,4,70.34,East,281.36,134.1915340543032,147.16846594569682
2026-01-17,Clothing,Vase,4,88.35,North,353.4,179.03099973320155,174.36900026679842
2026-01-18,Sports,Vase,4,124.28,West,497.12,299.36480022602166,197.75519977397835
2026-01-19,Electronics,Jeans,2,136.72,North,273.44,114.50831913694606,158.93168086305394
2026-01-20,Electronics,Jeans,4,427.55,West,1710.2,792.0826904647009,918.1173095352991
2026-01-21,Sports,Vase,4,287.19,North,1148.76,738.3161991064397,410.44380089356025
2026-01-22,Home Decor,Vase,4,268.84,South,1075.36,477.5421879235131,597.8178120764868
2026-01-23,Home Decor,T-Shirt,2,70.66,East,141.32,71.05478363196882,70.26521636803118
2026-01-24,Electronics,Football,1,432.17,West,432.17,284.9718938778297,147.19810612217032
2026-01-25,Electronics,Headphones,3,365.56,North,1096.68,489.6430470674373,607.0369529325628
2026-01-26,Home Decor,Laptop,4,47.82,East,191.28,81.25977057511422,110.02022942488578
2026-01-27,Home Decor,Football,1,358.3,North,358.3,195.40298909115037,162.89701090884964
2026-01-28,Sports,Jeans,4,278.62,East,1114.48,546.9041490789109,567.5758509210891
2026-01-29,Sports,Vase,2,54.64,East,109.28,62.18277982123867,47.09722017876133
2026-01-30,Home Decor,Football,1,237.28,North,237.28,152.13004732417568,85.14995267582432
2026-01-31,Sports,Headphones,2,250.08,West,500.16,220.6428563503428,279.5171436496572
2026-02-01,Sports,Jeans,4,95.4,West,381.6,219.11843119977453,162.4815688002255
2026-02-02,Clothing,Laptop,4,473.66,South,1894.64,1045.1831353355155,849.4568646644846
2026-02-03,Sports,Laptop,2,427.24,East,854.48,378.7257323217677,475.75426767823234
2026-02-04,Electronics,Headphones,3,339.48,South,1018.44,598.0275052806411,420.41249471935896
2026-02-05,Sports,Headphones,2,239.21,South,478.42,230.6425146138851,247.7774853861149
2026-02-06,Sports,Vase,4,214.71,North,858.84,469.22748784150195,389.6125121584981
2026-02-07,Home Decor,Laptop,2,330.72,North,661.44,280.90146185094596,380.5385381490541
2026-02-08,Electronics,Jeans,3,279.53,North,838.5899999999999,451.0567783616316,387.53322163836833
2026-02-09,Sports,Football,2,45.2,East,90.4,44.47128925332129,45.92871074667872
2026-02-10,Sports,Jeans,3,263.56,North,790.6800000000001,511.34411281801084,279.3358871819892
2026-02-11,Clothing,T-Shirt,3,406.11,North,1218.33,508.15766773881114,710.1723322611888
2026-02-12,Sports,T-Shirt,2,237.73,East,475.46,249.89330447980072,225.56669552019926
2026-02-13,Sports,Headphones,2,40.2,East,80.4,43.21736595005029,37.18263404994972
2026-02-14,Clothing,Vase,1,396.34,West,396.34,244.74067248411777,151.5993275158822
2026-02-15,Home Decor,T-Shirt,4,112.66,North,450.64,257.8950858515958,192.74491414840418
2026-02-16,Sports,Laptop,3,140.43,North,421.29,252.842965660961,168.44703433903902
2026-02-17,Clothing,Jeans,1,94.88,North,94.88,60.06993086679158,34.810069133208415
2026-02-18,Electronics,Jeans,2,175.15,West,350.3,230.72891050173905,119.57108949826096
2026-02-19,Home Decor,Headphones,4,382.02,North,1528.08,755.1200607095018,772.9599392904981
2026-02-20,Electronics,Football,1,266.9,West,266.9,149.83947801848768,117.0605219815123
2026-02-21,Electronics,Headphones,3,114.37,South,343.11,223.71884483798218,119.39115516201784
2026-02-22,Clothing,Football,1,440.75,West,440.75,307.1301757918546,133.61982420814542
2026-02-23,Sports,Headphones,3,441.6,South,1324.8000000000002,883.4505549812334,441.3494450187668
2026-02-24,Clothing,Headphones,2,437.23,North,874.46,447.2339787423538,427.2260212576462
2026-02-25,Clothing,Headphones,4,130.82,South,523.28,239.95002053905262,283.32997946094736
2026-02-26,Clothing,Football,4,233.85,West,935.4,511.493333847037,423.906666152963
2026-02-27,Clothing,Football,4,492.72,East,1970.88,1226.8578913783858,744.0221086216143
2026-02-28,Home Decor,Headphones,2,389.43,South,778.86,426.636703934074,352.22329606592604
2026-03-01,Sports,T-Shirt,3,28.18,South,84.53999999999999,46.070433055361256,38.469566944638736
2026-03-02,Electronics,Vase,2,46.62,North,93.24,60.742981338500115,32.49701866149988
2026-03-03,Electronics,Vase,4,240.01,West,960.04,488.1046252166984,471.93537478330154
2026-03-04,Sports,Vase,2,455.97,South,911.94,600.0003467243197,311.93965327568037
2026-03-05,Electronics,Football,2,276.27,South,552.54,288.44877741535953,264.09122258464043
2026-03-06,Sports,Football,2,256.44,South,512.88,255.65525857209204,257.22474142790793
2026-03-07,Electronics,T-Shirt,3,66.15,South,198.45000000000002,106.40828936327408,92.04171063672594
2026-03-08,Clothing,Vase,1,333.54,East,333.54,209.7079675789247,123.83203242107533
2026-03-09,Electronics,Vase,1,413.72,West,413.72,181.12686769036753,232.5931323096325
2026-03-10,Sports,Headphones,2,199.5,North,399.0,183.11138013988048,215.88861986011952
2026-03-11,Sports,Football,1,391.17,North,391.17,268.12100173638953,123.04899826361049
2026-03-12,Sports,Vase,1,482.77,East,482.77,218.52462788526935,264.2453721147306
2026-03-13,Sports,Jeans,2,113.83,West,227.66,129.83864036005517,97.82135963994483
2026-03-14,Sports,T-Shirt,2,268.81,South,537.62,308.4833130700373,229.1366869299627
2026-03-15,Home Decor,Jeans,4,154.26,East,617.04,337.45136341904487,279.5886365809551
2026-03-16,Home Decor,Jeans,1,399.53,West,399.53,237.0905207491689,162.43947925083108
2026-03-17,Electronics,T-Shirt,3,295.13,South,885.39,415.201885426186,470.188114573814
2026-03-18,Sports,Jeans,2,322.77,East,645.54,365.24568010218053,280.29431989781943
2026-03-19,Electronics,Vase,4,401.99,West,1607.96,822.7159122520402,785.2440877479598
2026-03-20,Sports,Football,3,207.05,North,621.1500000000001,371.75838549560126,249.39161450439883
2026-03-21,Sports,T-Shirt,1,458.82,North,458.82,202.96685585114054,255.85314414885946
2026-03-22,Home Decor,Headphones,4,273.52,West,1094.08,625.0076692647201,469.0723307352798
2026-03-23,Home Decor,Jeans,2,91.61,North,183.22,83.47157035399977,99.74842964600023
2026-03-24,Clothing,T-Shirt,3,352.51,West,1057.53,511.41401956081336,546.1159804391866
2026-03-25,Home Decor,Laptop,2,399.73,South,799.46,372.2389210900076,427.22107890999246
2026-03-26,Clothing,Laptop,1,168.63,West,168.63,76.70158044578359,91.9284195542164
2026-03-27,Clothing,Football,3,430.73,South,1292.19,836.9686303491535,455.22136965084655
2026-03-28,Clothing,Vase,1,454.48,East,454.48,220.74651260515645,233.73348739484356
2026-03-29,Clothing,Football,1,149.3,West,149.3,101.24587418970869,48.054125810291325
2026-03-30,Clothing,Football,4,492.01,East,1968.04,1359.8722596821049,608.1677403178951
2026-03-31,Electronics,Football,2,83.25,North,166.5,95.134460473358,71.365539526642
2026-04-01,Home Decor,Football,3,112.98,South,338.94,150.11664015489637,188.82335984510362
2026-04-02,Clothing,Headphones,1,104.35,West,104.35,53.465232758997786,50.88476724100221
2026-04-03,Sports,Headphones,1,448.59,East,448.59,286.7924148046126,161.7975851953874
2026-04-04,Home Decor,T-Shirt,3,332.33,South,996.99,508.6814647811077,488.3085352188923
2026-04-05,Home Decor,Laptop,1,88.77,South,88.77,37.825355540621565,50.94464445937843
2026-04-06,Clothing,Football,4,228.56,North,914.24,518.4065110900959,395.8334889099041
2026-04-07,Electronics,T-Shirt,4,313.42,North,1253.68,819.3253327310647,434.3546672689354
2026-04-08,Clothing,Laptop,4,55.48,South,221.92,141.7575951504658,80.1624048495342
2026-04-09,Electronics,Jeans,4,442.97,South,1771.88,801.8411568602512,970.0388431397489
2026-04-10,Sports,Vase,1,404.75,West,404.75,243.59044330503377,161.15955669496623
2026-04-11,Home Decor,Headphones,3,260.03,South,780.0899999999999,363.63995125905416,416.45004874094576
2026-04-12,Sports,Jeans,3,484.06,West,1452.18,675.934985257792,776.245014742208
2026-04-13,Electronics,Laptop,3,217.61,South,652.83,432.31808273004725,220.5119172699528
2026-04-14,Electronics,Jeans,3,492.29,North,1476.8700000000001,701.3665758700392,775.5034241299609
2026-04-15,Sports,Vase,2,338.94,West,677.88,324.6870333772888,353.1929666227112
2026-04-16,Electronics,Laptop,3,322.82,East,968.46,387.5738348450065,580.8861651549935
2026-04-17,Sports,Jeans,2,95.49,North,190.98,126.2761116411874,64.70388835881259
2026-04-18,Home Decor,Headphones,2,442.73,West,885.46,564.7273009912482,320.73269900875187
2026-04-19,Sports,Headphones,4,222.33,West,889.32,523.0968505664525,366.2231494335475
2026-04-20,Home Decor,T-Shirt,2,93.68,East,187.36,117.11493805947445,70.24506194052556
2026-04-21,Sports,Jeans,1,21.11,West,21.11,9.406923577499308,11.703076422500692
2026-04-22,Electronics,Football,2,286.48,South,572.96,307.96432602646917,264.99567397353087
2026-04-23,Sports,Jeans,4,270.79,East,1083.16,547.3920374802117,535.7679625197884
2026-04-24,Electronics,Laptop,2,363.89,North,727.78,311.58660408379944,416.19339591620053
2026-04-25,Sports,Laptop,1,446.78,North,446.78,243.8700134552971,202.90998654470286
2026-04-26,Sports,Jeans,1,53.51,South,53.51,36.18463360695032,17.325366393049677
2026-04-27,Clothing,Vase,1,369.78,North,369.78,152.35591831276975,217.42408168723023
2026-04-28,Electronics,Headphones,4,105.89,West,423.56,206.45935535582942,217.1006446441706
2026-04-29,Clothing,Laptop,4,431.22,West,1724.88,797.3469630127482,927.5330369872519
2026-04-30,Electronics,Headphones,3,412.25,South,1236.75,583.058362176315,653.691637823685
2026-05-01,Clothing,Laptop,4,277.28,North,1109.12,745.9168790541357,363.20312094586416
2026-05-02,Home Decor,T-Shirt,1,359.47,North,359.47,194.26503487768008,165.20496512231995
2026-05-03,Sports,Football,1,167.46,South,167.46,90.40994990727062,77.05005009272939
2026-05-04,Electronics,Laptop,4,243.52,East,974.08,611.8904565408525,362.18954345914756
2026-05-05,Electronics,Headphones,2,413.49,North,826.98,369.1205888603981,457.85941113960195
2026-05-06,Sports,T-Shirt,4,237.74,East,950.96,519.3949583404954,431.5650416595047
2026-05-07,Electronics,Laptop,4,188.53,North,754.12,398.92613490189206,355.19386509810795
2026-05-08,Electronics,Vase,1,254.69,North,254.69,147.48415513259835,107.20584486740165
2026-05-09,Clothing,Football,3,416.7,North,1250.1,874.9041254500119,375.19587454998805
2026-05-10,Electronics,Laptop,1,177.58,North,177.58,112.02362038332699,65.55637961667303
2026-05-11,Home Decor,T-Shirt,3,99.27,West,297.81,154.670515504686,143.139484495314
2026-05-12,Home Decor,Vase,1,360.33,East,360.33,233.58965739777219,126.7403426022278
2026-05-13,Sports,Jeans,4,415.6,East,1662.4,750.0956749512002,912.3043250487999
2026-05-14,Electronics,T-Shirt,1,63.81,North,63.81,26.107166347012424,37.70283365298758
2026-05-15,Sports,T-Shirt,1,131.34,North,131.34,60.59167477183729,70.74832522816271
2026-05-16,Home Decor,Vase,1,83.86,East,83.86,42.10807392872254,41.75192607127746
2026-05-17,Electronics,T-Shirt,4,183.75,West,735.0,406.5830570198329,328.4169429801671
2026-05-18,Electronics,Vase,4,233.42,South,933.68,545.7721327821522,387.90786721784775
2026-05-19,Sports,Laptop,4,378.18,South,1512.72,1018.33544416338,494.38455583662005
2026-05-20,Home Decor,Vase,4,330.81,East,1323.24,731.6937658792643,591.5462341207357
2026-05-21,Electronics,Vase,3,316.15,North,948.4499999999999,522.0104655435819,426.4395344564181
2026-05-22,Sports,Football,3,185.9,North,557.7,231.48615797348316,326.2138420265169
2026-05-23,Home Decor,Vase,2,423.1,West,846.2,347.342646757309,498.85735324269103
2026-05-24,Sports,Vase,4,243.57,South,974.28,550.8072383087649,423.47276169123506
2026-05-25,Clothing,Jeans,3,489.87,West,1469.6100000000001,781.02950154477,688.5804984552301
2026-05-26,Electronics,Laptop,1,322.56,South,322.56,210.22980846145353,112.33019153854647
2026-05-27,Clothing,Football,4,76.24,East,304.96,136.6842538461173,168.2757461538827
2026-05-28,Home Decor,Jeans,2,342.95,South,685.9,279.49841891382533,406.40158108617464
2026-05-29,Clothing,Headphones,2,172.68,West,345.36,184.6680086677045,160.69199133229552
2026-05-30,Clothing,Laptop,2,347.87,West,695.74,327.8629993224447,367.8770006775553
2026-05-31,Home Decor,Laptop,1,48.78,West,48.78,20.238056739440548,28.541943260559453
2026-06-01,Sports,Headphones,3,99.82,East,299.46,184.8804608938173,114.5795391061827
2026-06-02,Clothing,Vase,1,430.03,South,430.03,186.40850133148453,243.62149866851544
2026-06-03,Sports,Jeans,4,125.18,South,500.72,291.66732201316745,209.05267798683258
2026-06-04,Clothing,T-Shirt,2,420.96,West,841.92,407.75442169815216,434.1655783018478
2026-06-05,Sports,Football,1,150.45,South,150.45,68.01074423277392,82.43925576722607
2026-06-06,Home Decor,T-Shirt,1,326.8,North,326.8,167.95083930700991,158.8491606929901
2026-06-07,Clothing,Headphones,3,351.66,North,1054.98,675.6447794999075,379.33522050009253
2026-06-08,Home Decor,Laptop,3,263.64,North,790.92,409.4023955536094,381.5176044463906
2026-06-09,Clothing,Laptop,2,163.08,South,326.16,203.9253086360034,122.23469136399663
2026-06-10,Home Decor,Football,1,118.13,East,118.13,51.6991088722651,66.4308911277349
2026-06-11,Home Decor,Laptop,1,31.1,East,31.1,19.649957345475187,11.450042654524815
2026-06-12,Clothing,Laptop,3,162.41,East,487.23,229.52430716827993,257.70569283172006
2026-06-13,Clothing,Football,1,331.78,East,331.78,200.13564779035906,131.6443522096409
2026-06-14,Clothing,Jeans,1,470.08,North,470.08,267.8207779898966,202.25922201010337
2026-06-15,Electronics,Jeans,1,437.53,North,437.53,296.9706064364888,140.55939356351115
2026-06-16,Sports,Football,3,386.54,West,1159.6200000000001,598.5920814883602,561.0279185116399
2026-06-17,Electronics,Headphones,2,397.4,South,794.8,333.69642762568395,461.103572374316
2026-06-18,Electronics,Laptop,4,337.52,South,1350.08,547.7904313799106,802.2895686200893
2026-06-19,Home Decor,Laptop,2,141.24,East,282.48,183.06330189107499,99.41669810892503
2026-06-20,Clothing,Headphones,4,454.99,North,1819.96,1014.48336133549,805.47663866451
2026-06-21,Sports,Jeans,1,340.31,East,340.31,215.27099098398546,125.03900901601455
2026-06-22,Home Decor,Vase,2,286.81,West,573.62,269.7893638035815,303.8306361964185
2026-06-23,Electronics,Vase,4,68.83,South,275.32,138.63053704441106,136.68946295558894
2026-06-24,Clothing,Vase,3,231.82,South,695.46,284.46481169042517,410.99518830957487
2026-06-25,Home Decor,Jeans,3,238.27,East,714.8100000000001,492.1092985586463,222.70070144135377
2026-06-26,Clothing,Jeans,2,434.31,West,868.62,521.4850263355381,347.1349736644619
2026-06-27,Home Decor,Headphones,2,280.12,South,560.24,380.9416455098821,179.2983544901179
2026-06-28,Clothing,Laptop,1,199.49,West,199.49,95.68516349540769,103.80483650459232
2026-06-29,Electronics,Headphones,2,488.75,West,977.5,570.311703991925,407.188296008075
2026-06-30,Sports,Headphones,1,68.7,East,68.7,41.463884346511264,27.23611565348874
2026-07-01,Electronics,Jeans,1,219.94,North,219.94,108.9285643223962,111.0114356776038
2026-07-02,Sports,Vase,3,35.38,East,106.14000000000001,69.4614942613677,36.67850573863231
2026-07-03,Clothing,T-Shirt,3,373.85,North,1121.5500000000002,767.3066816147319,354.24331838526825
2026-07-04,Home Decor,Laptop,4,460.27,West,1841.08,1225.158718026328,615.921281973672
2026-07-05,Electronics,Jeans,3,150.82,North,452.46,281.3034731800585,171.15652681994146
2026-07-06,Sports,Vase,3,431.3,West,1293.9,625.2634647288354,668.6365352711647
2026-07-07,Electronics,T-Shirt,2,156.73,South,313.46,151.86660936752938,161.5933906324706
2026-07-08,Sports,T-Shirt,3,456.72,South,1370.16,944.051332998703,426.10866700129714
2026-07-09,Electronics,Jeans,4,380.67,South,1522.68,613.7699988814079,908.9100011185922
2026-07-10,Sports,Football,2,405.38,East,810.76,498.4674028917403,312.2925971082597
2026-07-11,Sports,Laptop,4,23.73,East,94.92,58.07906572492365,36.84093427507635
2026-07-12,Clothing,T-Shirt,3,481.96,West,1445.8799999999999,848.4523060405478,597.4276939594521
2026-07-13,Sports,Jeans,4,367.44,South,1469.76,1024.4707132873893,445.28928671261065
2026-07-14,Clothing,Jeans,2,162.8,East,325.6,160.7043832854007,164.89561671459933
2026-07-15,Sports,Vase,1,417.26,South,417.26,209.46099796591122,207.79900203408877
2026-07-16,Home Decor,Football,4,151.54,East,606.16,256.8189725470252,349.34102745297474
2026-07-17,Home Decor,Laptop,4,438.29,North,1753.16,934.1527943189055,819.0072056810945
2026-07-18,Home Decor,Headphones,2,69.6,North,139.2,66.58138645556724,72.61861354443275
2026-07-19,Sports,Vase,2,356.29,South,712.58,358.4391488713237,354.14085112867633
2026-07-20,Clothing,T-Shirt,4,277.24,West,1108.96,721.2360197565642,387.7239802434358
2026-07-21,Clothing,T-Shirt,3,61.82,East,185.46,126.2324873636428,59.227512636357204
2026-07-22,Sports,Vase,4,132.32,East,529.28,241.2034401052714,288.0765598947286
2026-07-23,Home Decor,Jeans,2,21.02,North,42.04,21.51408264475231,20.52591735524769
2026-07-24,Home Decor,T-Shirt,1,242.35,North,242.35,164.4560850185997,77.89391498140029
2026-07-25,Clothing,Football,1,161.11,West,161.11,67.4313883304922,93.67861166950782
2026-07-26,Home Decor,Laptop,3,305.2,West,915.5999999999999,391.6095898616334,523.9904101383665
2026-07-27,Electronics,Football,4,159.16,West,636.64,285.7477766104762,350.8922233895238
2026-07-28,Clothing,T-Shirt,1,160.46,South,160.46,92.8363554091995,67.62364459080051
2026-07-29,Home Decor,Headphones,4,375.45,North,1501.8,668.5137769790421,833.2862230209579
2026-07-30,Clothing,Laptop,2,38.35,South,76.7,52.95543753718138,23.74456246281862
2026-07-31,Electronics,Laptop,1,452.9,North,452.9,241.8551028186151,211.04489718138487
2026-08-01,Clothing,Vase,3,428.35,North,1285.0500000000002,707.3626964843945,577.6873035156057
2026-08-02,Clothing,Vase,2,338.89,East,677.78,321.2660829861765,356.51391701382346
2026-08-03,Clothing,Headphones,3,302.71,North,908.1299999999999,491.5599402130663,416.5700597869336
2026-08-04,Clothing,Jeans,2,447.77,North,895.54,536.0470403715246,359.4929596284753
2026-08-05,Electronics,Laptop,1,104.89,South,104.89,65.59329096853286,39.296709031467145
2026-08-06,Sports,Headphones,3,53.3,North,159.89999999999998,100.1230519275945,59.776948072405474
2026-08-07,Clothing,Vase,3,131.16,South,393.48,225.60857850686097,167.87142149313905
2026-08-08,Clothing,Vase,2,400.37,West,800.74,537.5431138685743,263.1968861314257
2026-08-09,Home Decor,Laptop,3,31.82,North,95.46000000000001,61.59292593115236,33.86707406884765
2026-08-10,Clothing,Football,2,297.66,North,595.32,373.33376509271574,221.9862349072843
2026-08-11,Home Decor,T-Shirt,2,497.79,South,995.58,414.83992358238993,580.7400764176101
2026-08-12,Sports,Vase,2,430.01,West,860.02,345.7825555204428,514.2374444795571
2026-08-13,Electronics,Jeans,2,267.9,East,535.8,248.4687753364003,287.33122466359964
2026-08-14,Electronics,Jeans,1,45.87,West,45.87,27.478748175843013,18.391251824156985
2026-08-15,Sports,Vase,2,418.22,South,836.44,437.75860828027504,398.681391719725
2026-08-16,Electronics,Football,4,305.5,West,1222.0,636.3221346591276,585.6778653408724
2026-08-17,Sports,Football,3,70.74,South,212.21999999999997,141.20610882602656,71.0138911739734
2026-08-18,Sports,Headphones,4,60.52,South,242.08,161.87135628272665,80.20864371727336
2026-08-19,Sports,Jeans,1,456.17,East,456.17,306.88954406099725,149.28045593900276
2026-08-20,Electronics,Headphones,4,339.56,North,1358.24,671.1925275937313,687.0474724062688
2026-08-21,Home Decor,Jeans,3,417.2,South,1251.6,760.1176365673379,491.48236343266205
2026-08-22,Sports,T-Shirt,4,441.3,South,1765.2,849.9260674756553,915.2739325243448
2026-08-23,Clothing,T-Shirt,1,292.31,East,292.31,133.63914809179772,158.67085190820228
2026-08-24,Electronics,Laptop,2,265.96,South,531.92,242.2309090136638,289.68909098633617
2026-08-25,Sports,Headphones,4,223.76,North,895.04,449.8760014933253,445.16399850667466
2026-08-26,Sports,Vase,1,168.72,East,168.72,89.25073488277545,79.46926511722455
2026-08-27,Clothing,Headphones,1,225.78,North,225.78,146.595511152244,79.184488847756
2026-08-28,Home Decor,Vase,3,390.33,North,1170.99,510.51338146368334,660.4766185363167
2026-08-29,Home Decor,Football,3,306.93,East,920.79,571.3297113068234,349.4602886931766
2026-08-30,Home Decor,Headphones,4,447.87,South,1791.48,1002.2192549015572,789.2607450984428
2026-08-31,Sports,Football,2,230.04,North,460.08,223.77536797751117,236.30463202248882
2026-09-01,Sports,T-Shirt,1,309.44,North,309.44,169.5254276713512,139.9145723286488
2026-09-02,Sports,T-Shirt,4,321.18,North,1284.72,629.4904727651809,655.2295272348191
2026-09-03,Electronics,Laptop,1,301.97,North,301.97,174.7876604069934,127.18233959300662
2026-09-04,Clothing,Headphones,1,355.78,East,355.78,188.61789726203162,167.16210273796835
2026-09-05,Sports,Football,2,130.16,East,260.32,116.96741419894411,143.35258580105588
2026-09-06,Clothing,Vase,2,263.5,West,527.0,229.23178408725568,297.7682159127443
2026-09-07,Clothing,T-Shirt,4,65.55,West,262.2,147.88308235179375,114.31691764820624
2026-09-08,Home Decor,T-Shirt,2,201.49,North,402.98,270.28832124609016,132.69167875390986
2026-09-09,Electronics,Vase,2,251.52,South,503.04,253.12334239379345,249.91665760620657
2026-09-10,Sports,Football,4,331.33,North,1325.32,821.565910631286,503.75408936871395
2026-09-11,Home Decor,Football,2,476.01,South,952.02,568.925634938927,383.09436506107295
2026-09-12,Home Decor,Headphones,3,306.32,North,918.96,624.4025112161522,294.5574887838478
2026-09-13,Sports,Headphones,1,375.64,West,375.64,242.77399280147478,132.8660071985252
2026-09-14,Clothing,Jeans,1,260.54,West,260.54,148.5030002465688,112.03699975343122
2026-09-15,Home Decor,Jeans,1,322.54,South,322.54,192.5915850701287,129.94841492987132
2026-09-16,Clothing,Laptop,1,49.4,North,49.4,33.07408743477539,16.325912565224606
2026-09-17,Electronics,T-Shirt,4,138.38,South,553.52,287.750491293368,265.769508706632
2026-09-18,Clothing,Headphones,1,190.5,West,190.5,94.87631743977198,95.62368256022802
2026-09-19,Electronics,Football,1,244.16,North,244.16,98.45589025411087,145.70410974588913
2026-09-20,Clothing,Vase,1,37.14,North,37.14,24.065432068641297,13.074567931358704
2026-09-21,Home Decor,Football,1,82.91,South,82.91,53.086792961132886,29.82320703886711
2026-09-22,Home Decor,T-Shirt,3,149.25,East,447.75,193.13085314380285,254.61914685619715
2026-09-23,Electronics,Jeans,1,486.19,South,486.19,278.61468703987225,207.57531296012775
2026-09-24,Sports,Football,3,175.7,West,527.0999999999999,284.20942593112983,242.89057406887008
2026-09-25,Electronics,Laptop,4,248.79,West,995.16,433.50436304605427,561.6556369539458
2026-09-26,Electronics,T-Shirt,2,110.11,West,220.22,152.87022048899377,67.34977951100623
2026-09-27,Clothing,Jeans,1,311.23,West,311.23,144.53794031656605,166.69205968343397
2026-09-28,Clothing,Vase,2,151.13,West,302.26,127.0006609822519,175.2593390177481
2026-09-29,Electronics,Jeans,2,115.39,East,230.78,133.4956634724352,97.28433652756479
2026-09-30,Home Decor,Laptop,4,265.54,North,1062.16,660.3023889350866,401.8576110649135
2026-10-01,Clothing,T-Shirt,2,17.67,South,35.34,14.479965414992279,20.860034585007725
2026-10-02,Sports,Vase,3,18.72,South,56.16,33.56207477727286,22.597925222727135
2026-10-03,Clothing,Laptop,2,121.25,West,242.5,135.7242339754683,106.77576602453169
2026-10-04,Clothing,Jeans,2,32.81,South,65.62,28.280874964714208,37.3391250352858
2026-10-05,Sports,Laptop,2,67.39,West,134.78,60.88783044044921,73.8921695595508
2026-10-06,Electronics,T-Shirt,1,179.35,East,179.35,102.2998570670917,77.0501429329083
2026-10-07,Sports,Headphones,1,404.25,East,404.25,197.64076957882406,206.60923042117594
2026-10-08,Electronics,Laptop,3,292.44,North,877.3199999999999,597.8889465181118,279.43105348188817
2026-10-09,Electronics,Laptop,3,263.64,East,790.92,510.6354066910576,280.28459330894236
2026-10-10,Electronics,Jeans,1,157.34,East,157.34,109.36233928185791,47.97766071814209
2026-10-11,Sports,Jeans,3,466.9,North,1400.6999999999998,669.3962832353534,731.3037167646464
2026-10-12,Electronics,Vase,1,207.55,South,207.55,143.39984199616603,64.15015800383398
2026-10-13,Home Decor,Jeans,4,57.24,West,228.96,121.20459204824253,107.75540795175748
2026-10-14,Sports,Football,2,314.28,West,628.56,316.954924194724,311.60507580527593
2026-10-15,Home Decor,T-Shirt,2,70.21,South,140.42,58.289024173110974,82.13097582688901
2026-10-16,Electronics,T-Shirt,3,182.43,North,547.29,227.57936939219456,319.7106306078054
2026-10-17,Clothing,Headphones,1,261.09,South,261.09,158.6391656445336,102.45083435546638
2026-10-18,Electronics,Headphones,1,439.0,East,439.0,235.90924856696145,203.09075143303855
2026-10-19,Home Decor,T-Shirt,3,254.37,North,763.11,357.1022754133238,406.0077245866762
2026-10-20,Home Decor,Headphones,1,355.6,North,355.6,207.73835227877584,147.8616477212242
2026-10-21,Sports,Vase,4,496.52,North,1986.08,945.0909354482542,1040.9890645517457
2026-10-22,Clothing,Jeans,2,78.77,West,157.54,90.31603197382609,67.2239680261739
2026-10-23,Sports,T-Shirt,3,148.24,South,444.72,225.81219418744263,218.9078058125574
2026-10-24,Home Decor,Headphones,3,206.37,North,619.11,400.60482570529297,218.50517429470705
2026-10-25,Electronics,T-Shirt,1,219.59,North,219.59,141.90100098283312,77.68899901716688
2026-10-26,Clothing,Football,3,214.35,North,643.05,349.30805205378306,293.7419479462169
2026-10-27,Electronics,Laptop,4,455.19,South,1820.76,919.9312204538469,900.8287795461531
2026-10-28,Electronics,Jeans,1,361.31,West,361.31,183.82294402842993,177.48705597157007
2026-10-29,Clothing,T-Shirt,1,309.83,East,309.83,198.82235944633518,111.0076405536648
2026-10-30,Sports,Laptop,1,165.05,West,165.05,82.26980709072376,82.78019290927625
2026-10-31,Electronics,Headphones,1,414.54,North,414.54,191.8150418329308,222.72495816706922
2026-11-01,Home Decor,Laptop,4,478.2,West,1912.8,813.717558101726,1099.0824418982738
2026-11-02,Electronics,Jeans,1,413.28,West,413.28,223.17447989973246,190.1055201002675
2026-11-03,Clothing,T-Shirt,3,15.76,East,47.28,25.75056169107904,21.529438308920962
2026-11-04,Clothing,Football,4,323.65,South,1294.6,844.4321249462809,450.16787505371906
2026-11-05,Clothing,Headphones,2,39.8,South,79.6,37.123180071132005,42.47681992886799
2026-11-06,Sports,T-Shirt,2,139.94,West,279.88,143.94155130229353,135.93844869770646
2026-11-07,Electronics,Jeans,3,43.87,West,131.60999999999999,84.56228378873959,47.04771621126039
2026-11-08,Sports,Headphones,3,307.84,South,923.52,597.5978630996675,325.9221369003325
2026-11-09,Sports,Vase,4,348.0,South,1392.0,717.4135853287336,674.5864146712664
2026-11-10,Clothing,Laptop,2,70.53,East,141.06,75.85321041744577,65.20678958255424
2026-11-11,Clothing,Jeans,2,201.16,North,402.32,197.53339388194505,204.78660611805495
2026-11-12,Sports,Vase,2,236.27,West,472.54,321.2168446744785,151.3231553255215
2026-11-13,Electronics,T-Shirt,2,193.99,South,387.98,169.0014224697255,218.97857753027452
2026-11-14,Home Decor,Football,2,73.7,West,147.4,100.250399485125,47.149600514875004
2026-11-15,Sports,Headphones,1,218.19,West,218.19,132.03984633778606,86.15015366221394
2026-11-16,Electronics,Laptop,3,379.32,South,1137.96,636.6563540614178,501.30364593858224
2026-11-17,Clothing,Headphones,1,49.44,East,49.44,20.260399189555642,29.179600810444356
2026-11-18,Clothing,T-Shirt,2,53.89,West,107.78,58.48992726637282,49.290072733627184
2026-11-19,Electronics,Headphones,4,187.06,East,748.24,390.8240326261733,357.41596737382673
2026-11-20,Home Decor,Laptop,4,471.74,South,1886.96,846.0480348333732,1040.911965166627
2026-11-21,Clothing,T-Shirt,2,339.26,North,678.52,405.0241132501797,273.4958867498203
2026-11-22,Clothing,Headphones,2,344.15,North,688.3,475.85295086247726,212.4470491375227
2026-11-23,Clothing,Football,4,190.53,West,762.12,433.38460100654873,328.73539899345127
2026-11-24,Electronics,Jeans,1,302.93,South,302.93,186.12806300994936,116.80193699005065
2026-11-25,Sports,T-Shirt,1,19.91,East,19.91,8.372854553176818,11.537145446823182
2026-11-26,Clothing,Jeans,2,323.51,West,647.02,339.87966989005355,307.14033010994643
2026-11-27,Sports,T-Shirt,1,457.94,South,457.94,199.16156140886878,258.77843859113125
2026-11-28,Home Decor,Football,4,312.1,South,1248.4,728.864296325134,519.5357036748661
2026-11-29,Clothing,Jeans,1,438.74,East,438.74,299.02089862846344,139.71910137153657
2026-11-30,Clothing,Vase,2,366.13,West,732.26,438.28200871390453,293.97799128609546
2026-12-01,Home Decor,Laptop,4,73.47,South,293.88,124.32326395159265,169.55673604840734
2026-12-02,Clothing,Vase,1,452.69,South,452.69,229.24215330040914,223.44784669959085
2026-12-03,Sports,Headphones,3,47.23,South,141.69,80.08304826989227,61.606951730107724
2026-12-04,Electronics,Football,4,273.97,East,1095.88,570.9121947373926,524.9678052626075
2026-12-05,Sports,Vase,4,83.94,West,335.76,218.27529388714316,117.48470611285683
2026-12-06,Electronics,T-Shirt,3,20.68,West,62.04,39.97865673966232,22.06134326033768
2026-12-07,Electronics,Headphones,3,219.69,West,659.0699999999999,384.599841125829,274.4701588741709
2026-12-08,Sports,Headphones,4,158.09,West,632.36,323.79195985523523,308.5680401447648
2026-12-09,Sports,Vase,3,250.71,North,752.13,358.4658440395647,393.6641559604353
2026-12-10,Sports,Vase,2,294.94,North,589.88,254.68794284826822,335.1920571517318
2026-12-11,Sports,Football,2,36.21,West,72.42,36.678507071428875,35.74149292857113
2026-12-12,Home Decor,Laptop,2,74.66,East,149.32,78.236476080837,71.083523919163
2026-12-13,Clothing,Vase,4,285.94,North,1143.76,689.3977686451105,454.36223135488945
2026-12-14,Electronics,Vase,3,181.44,South,544.3199999999999,325.2028666684965,219.11713333150345
2026-12-15,Sports,Jeans,3,368.65,North,1105.9499999999998,465.6408291108744,640.3091708891254
2026-12-16,Sports,T-Shirt,1,331.36,South,331.36,171.83593802838053,159.5240619716195
2026-12-17,Sports,Jeans,1,425.12,West,425.12,193.23134960943347,231.88865039056654
2026-12-18,Home Decor,Jeans,3,350.86,North,1052.58,470.54937520870897,582.030624791291
2026-12-19,Sports,Headphones,3,223.52,East,670.5600000000001,434.6507188583423,235.90928114165774
2026-12-20,Sports,Laptop,3,341.39,North,1024.17,422.5464922512869,601.6235077487131
2026-12-21,Sports,T-Shirt,4,148.56,North,594.24,312.424569652823,281.815430347177
2026-12-22,Clothing,Football,3,163.56,North,490.68,221.03225094345456,269.6477490565454
2026-12-23,Home Decor,Football,1,397.66,West,397.66,263.9663360700106,133.69366392998944
2026-12-24,Sports,Vase,4,231.51,East,926.04,525.1685390739641,400.87146092603587
2026-12-25,Electronics,Vase,3,402.21,North,1206.6299999999999,566.4092451814188,640.2207548185811
2026-12-26,Electronics,Football,1,413.87,East,413.87,227.92987440186445,185.94012559813555
2026-12-27,Electronics,Vase,4,430.92,West,1723.68,1067.72652254792,655.95347745208
2026-12-28,Home Decor,Laptop,3,459.57,South,1378.71,947.7740640231937,430.9359359768064
2026-12-29,Home Decor,Jeans,3,224.03,North,672.09,313.2838664979911,358.80613350200895
2026-12-30,Electronics,Vase,3,169.65,East,508.95000000000005,338.88666387756905,170.063336122431
2026-12-31,Sports,Headphones,4,297.37,East,1189.48,809.1928173159838,380.2871826840162
2027-01-01,Home Decor,Vase,1,195.02,West,195.02,131.62410037839308,63.39589962160693
2027-01-02,Electronics,T-Shirt,1,306.52,North,306.52,181.03816259959376,125.48183740040622
2027-01-03,Electronics,Laptop,2,357.21,South,714.42,420.75494158237314,293.6650584176268
2027-01-04,Sports,T-Shirt,3,348.88,East,1046.6399999999999,545.2609131346547,501.37908686534513
2027-01-05,Clothing,T-Shirt,2,196.66,North,393.32,246.10794052031773,147.21205947968227
2027-01-06,Home Decor,Headphones,2,95.93,South,191.86,107.32422110824295,84.53577889175706
2027-01-07,Sports,Laptop,1,223.81,East,223.81,135.00922441648137,88.80077558351863
2027-01-08,Electronics,Laptop,4,84.16,East,336.64,177.92682062549753,158.71317937450246
2027-01-09,Electronics,Laptop,4,446.7,South,1786.8,1106.831364585684,679.9686354143159
2027-01-10,Sports,Laptop,1,182.75,South,182.75,118.30165095266939,64.44834904733061
2027-01-11,Home Decor,Laptop,4,89.91,West,359.64,159.65530059739103,199.98469940260895
2027-01-12,Clothing,Headphones,2,27.34,North,54.68,35.53537905427963,19.14462094572037
2027-01-13,Clothing,Vase,3,328.22,North,984.6600000000001,553.4665148977932,431.19348510220686
2027-01-14,Electronics,T-Shirt,1,323.9,West,323.9,211.63618638629708,112.2638136137029
2027-01-15,Home Decor,Laptop,3,180.19,East,540.5699999999999,286.17262901902865,254.3973709809713
2027-01-16,Clothing,Vase,4,49.78,South,199.12,102.29036243484099,96.82963756515902
2027-01-17,Home Decor,Vase,3,213.67,South,641.01,432.37292404525937,208.63707595474062
2027-01-18,Home Decor,T-Shirt,4,165.94,South,663.76,315.51883390837804,348.24116609162195
2027-01-19,Electronics,Headphones,4,343.4,East,1373.6,897.3230150039137,476.2769849960862
2027-01-20,Clothing,Football,2,308.8,South,617.6,336.71933167454233,280.8806683254577
2027-01-21,Sports,Football,4,191.83,South,767.32,425.2707144935298,342.04928550647026
2027-01-22,Electronics,Vase,2,120.68,West,241.36,118.87957132609057,122.48042867390944
2027-01-23,Clothing,Jeans,2,494.2,East,988.4,565.2784733275506,423.12152667244936
2027-01-24,Clothing,Jeans,2,235.19,North,470.38,234.04385275132128,236.3361472486787
2027-01-25,Clothing,T-Shirt,1,348.81,West,348.81,143.63326931448924,205.17673068551076
2027-01-26,Clothing,Football,1,83.17,West,83.17,40.05463720194703,43.11536279805297
2027-01-27,Clothing,Vase,4,250.51,North,1002.04,402.733616996542,599.306383003458
2027-01-28,Home Decor,Headphones,2,28.36,West,56.72,39.33568505655946,17.384314943440536
2027-01-29,Electronics,Football,1,260.15,East,260.15,179.43174099038217,80.71825900961781
2027-01-30,Home Decor,Vase,2,482.55,South,965.1,500.4493132771565,464.65068672284355
2027-01-31,Sports,Vase,3,201.34,East,604.02,373.59316903146987,230.4268309685301
2027-02-01,Clothing,Laptop,3,33.91,North,101.72999999999999,51.245656317387756,50.484343682612234
2027-02-02,Electronics,Headphones,3,30.01,North,90.03,54.13755507973513,35.89244492026487
2027-02-03,Clothing,Laptop,4,203.17,West,812.68,521.4390662147819,291.2409337852181
2027-02-04,Electronics,T-Shirt,2,92.61,East,185.22,126.69545749256905,58.52454250743095
2027-02-05,Home Decor,Laptop,3,26.33,East,78.99,41.07983030080967,37.91016969919033
2027-02-06,Electronics,Laptop,1,381.76,North,381.76,242.4135513919902,139.34644860800978
2027-02-07,Sports,Football,3,237.38,East,712.14,341.6694860499471,370.47051395005286
2027-02-08,Sports,Jeans,3,155.28,North,465.84000000000003,324.73692011976993,141.1030798802301
2027-02-09,Electronics,Vase,3,451.54,East,1354.6200000000001,552.3204041634497,802.2995958365505
2027-02-10,Electronics,Headphones,4,71.33,East,285.32,165.78765172126995,119.53234827873004
2027-02-11,Electronics,Laptop,1,478.62,East,478.62,286.14382588138744,192.47617411861256
2027-02-12,Electronics,Headphones,2,167.27,North,334.54,202.86962819907373,131.6703718009263
2027-02-13,Sports,Jeans,1,445.88,West,445.88,194.45552408914372,251.42447591085627
2027-02-14,Clothing,Jeans,2,307.43,East,614.86,419.0633267998867,195.79667320011333
2027-02-15,Electronics,Laptop,4,415.95,North,1663.8,755.9558219050583,907.8441780949416
2027-02-16,Electronics,T-Shirt,4,492.25,North,1969.0,1155.460435293774,813.539564706226
2027-02-17,Sports,Laptop,4,154.88,East,619.52,289.19368536150006,330.3263146384999
2027-02-18,Sports,Football,4,481.15,East,1924.6,947.2206148597413,977.3793851402586
2027-02-19,Home Decor,Vase,2,203.9,West,407.8,229.97373799501872,177.8262620049813
2027-02-20,Electronics,T-Shirt,3,201.97,North,605.91,318.19849927273873,287.71150072726124
2027-02-21,Home Decor,Laptop,2,180.09,North,360.18,161.38501708791543,198.79498291208458
2027-02-22,Sports,Headphones,1,277.58,South,277.58,125.2665579751937,152.31344202480628
2027-02-23,Sports,T-Shirt,4,89.76,North,359.04,188.65521142259146,170.38478857740856
2027-02-24,Clothing,T-Shirt,4,283.55,West,1134.2,711.3531061880218,422.84689381197825
2027-02-25,Electronics,Laptop,1,277.73,South,277.73,185.9095164107109,91.82048358928913
2027-02-26,Home Decor,T-Shirt,2,384.52,South,769.04,327.02526121518673,442.01473878481323
2027-02-27,Sports,Headphones,3,419.32,South,1257.96,651.5366974660274,606.4233025339727
2027-02-28,Sports,Jeans,3,228.61,East,685.83,294.9574244904182,390.87257550958185
2027-03-01,Home Decor,T-Shirt,1,161.63,East,161.63,65.45655279339404,96.17344720660596
2027-03-02,Clothing,Jeans,3,140.78,North,422.34000000000003,252.77708052835462,169.56291947164542
2027-03-03,Sports,Headphones,2,109.39,South,218.78,127.05316667403503,91.72683332596498
2027-03-04,Electronics,Laptop,2,42.96,West,85.92,38.56998067769251,47.35001932230749
2027-03-05,Sports,Vase,1,181.09,East,181.09,85.1383497834469,95.9516502165531
2027-03-06,Electronics,T-Shirt,2,146.07,West,292.14,118.93379494491288,173.2062050550871
2027-03-07,Home Decor,Vase,4,483.71,West,1934.84,1258.5827754397278,676.2572245602721
2027-03-08,Electronics,Headphones,1,285.49,East,285.49,197.67532547977027,87.81467452022974
2027-03-09,Home Decor,T-Shirt,2,183.43,East,366.86,161.65240570055008,205.20759429944994
2027-03-10,Electronics,Jeans,1,296.53,East,296.53,139.20380354134716,157.32619645865282
2027-03-11,Home Decor,Football,3,82.51,East,247.53000000000003,163.49922283877538,84.03077716122465
2027-03-12,Electronics,Vase,2,230.36,South,460.72,312.34012029831206,148.37987970168797
2027-03-13,Clothing,T-Shirt,4,318.72,South,1274.88,670.4443673378239,604.4356326621762
2027-03-14,Electronics,Vase,2,252.12,South,504.24,209.3537626250874,294.88623737491264
2027-03-15,Electronics,T-Shirt,1,209.86,South,209.86,86.42403106563253,123.43596893436748
2027-03-16,Clothing,Laptop,1,497.02,North,497.02,284.3873687300859,212.6326312699141
2027-03-17,Sports,Jeans,2,441.95,South,883.9,457.7439960252043,426.1560039747957
2027-03-18,Sports,Vase,4,317.35,East,1269.4,518.6714174701225,750.7285825298776
2027-03-19,Electronics,Football,4,291.15,West,1164.6,669.616720826161,494.9832791738389
2027-03-20,Clothing,Football,4,316.02,South,1264.08,509.9181931354355,754.1618068645644
2027-03-21,Electronics,Headphones,1,112.64,North,112.64,71.66287320978023,40.97712679021977
2027-03-22,Home Decor,T-Shirt,2,206.64,East,413.28,203.3047670900548,209.97523290994516
2027-03-23,Home Decor,Vase,3,34.14,West,102.42,42.20496740046167,60.21503259953833
2027-03-24,Electronics,Headphones,1,245.64,West,245.64,141.6128518686905,104.02714813130947
2027-03-25,Sports,Vase,4,278.37,South,1113.48,578.2360925348753,535.2439074651247
2027-03-26,Sports,T-Shirt,2,125.46,West,250.92,173.67179991587275,77.24820008412723
2027-03-27,Electronics,Football,4,482.55,South,1930.2,1087.2036775093939,842.9963224906062
2027-03-28,Electronics,Laptop,3,456.09,South,1368.27,660.2884542712522,707.9815457287477
2027-03-29,Home Decor,Football,4,365.24,East,1460.96,895.3225411026955,565.6374588973046
2027-03-30,Sports,Headphones,4,273.69,East,1094.76,527.0695754110976,567.6904245889024
2027-03-31,Electronics,Jeans,3,436.94,North,1310.82,879.9180573728593,430.90194262714067
2027-04-01,Home Decor,Laptop,2,78.37,East,156.74,80.31617649719786,76.42382350280215
2027-04-02,Sports,Headphones,1,398.4,East,398.4,225.08029062301205,173.31970937698793
2027-04-03,Clothing,T-Shirt,2,75.54,South,151.08,62.72417535772936,88.35582464227065
2027-04-04,Home Decor,Laptop,3,400.19,East,1200.57,633.7045123944928,566.8654876055072
2027-04-05,Sports,Headphones,4,148.75,South,595.0,386.5768918294876,208.42310817051242
2027-04-06,Sports,T-Shirt,2,440.39,South,880.78,565.1918064363773,315.58819356362267
2027-04-07,Home Decor,Football,1,472.86,East,472.86,220.96538212184353,251.89461787815648
2027-04-08,Clothing,Jeans,3,87.17,North,261.51,122.34058135799167,139.16941864200834
2027-04-09,Home Decor,T-Shirt,2,239.4,North,478.8,308.9177350463093,169.8822649536907
2027-04-10,Sports,Vase,1,490.78,West,490.78,333.29828099521046,157.4817190047895
2027-04-11,Electronics,T-Shirt,3,249.45,West,748.3499999999999,320.74900363039563,427.6009963696043
2027-04-12,Electronics,T-Shirt,1,433.82,East,433.82,232.1013316867655,201.7186683132345
2027-04-13,Home Decor,Jeans,3,300.53,North,901.5899999999999,451.9096210114077,449.6803789885922
2027-04-14,Sports,Vase,4,197.04,South,788.16,521.1365439160005,267.02345608399946
2027-04-15,Electronics,Headphones,2,153.61,West,307.22,130.58615728639862,176.6338427136014
2027-04-16,Sports,Headphones,1,113.56,South,113.56,52.616638611067216,60.943361388932786
2027-04-17,Home Decor,T-Shirt,3,384.47,West,1153.41,721.7353515766915,431.67464842330855
2027-04-18,Electronics,Vase,1,202.47,East,202.47,84.10363968096802,118.36636031903198
2027-04-19,Sports,Vase,1,262.97,North,262.97,144.044608719931,118.92539128006902
2027-04-20,Electronics,Jeans,2,253.78,West,507.56,270.3427539566116,237.2172460433884
2027-04-21,Home Decor,Football,4,294.98,North,1179.92,590.3379917337214,589.5820082662786
2027-04-22,Sports,Headphones,1,434.8,South,434.8,225.38801281020042,209.4119871897996
2027-04-23,Electronics,Jeans,3,490.66,East,1471.98,822.8105835448692,649.1694164551308
2027-04-24,Home Decor,Laptop,3,212.68,North,638.04,286.1036488038372,351.9363511961628
2027-04-25,Electronics,Headphones,4,416.35,East,1665.4,951.9405807080487,713.4594192919513
2027-04-26,Electronics,Jeans,3,385.8,North,1157.4,742.6222133795413,414.77778662045876
2027-04-27,Clothing,Headphones,4,293.16,South,1172.64,736.4745338127395,436.16546618726056
2027-04-28,Clothing,Football,3,478.68,South,1436.04,640.7179257409341,795.3220742590659
2027-04-29,Home Decor,Laptop,2,112.23,East,224.46,99.83416079345137,124.62583920654863
2027-04-30,Clothing,Football,1,67.99,South,67.99,32.665952578893,35.324047421107
2027-05-01,Home Decor,Laptop,2,429.17,West,858.34,436.31346418226974,422.0265358177303
2027-05-02,Clothing,T-Shirt,1,227.99,North,227.99,119.13313640159599,108.85686359840402
2027-05-03,Electronics,Jeans,1,425.78,South,425.78,257.13244429499053,168.64755570500944
2027-05-04,Home Decor,Laptop,1,448.15,West,448.15,186.88040070253575,261.2695992974642
2027-05-05,Home Decor,Football,2,45.29,East,90.58,37.174196064639126,53.40580393536087
2027-05-06,Electronics,Headphones,1,443.48,West,443.48,229.53334893630947,213.94665106369055
2027-05-07,Home Decor,Laptop,2,232.43,East,464.86,283.1690541781785,181.69094582182151
2027-05-08,Home Decor,Jeans,4,262.56,East,1050.24,481.04206037598493,569.1979396240151
2027-05-09,Clothing,Laptop,3,318.9,North,956.6999999999999,566.7982011653568,389.90179883464316
2027-05-10,Home Decor,Vase,3,464.3,North,1392.9,665.734384001113,727.1656159988871
2027-05-11,Sports,Headphones,1,24.27,West,24.27,16.15959295827121,8.110407041728788
2027-05-12,Electronics,Jeans,2,246.27,North,492.54,329.3649375447238,163.17506245527625
2027-05-13,Clothing,Jeans,3,348.55,North,1045.65,511.5175095470308,534.1324904529693
2027-05-14,Clothing,T-Shirt,2,365.51,North,731.02,342.84701020666245,388.17298979333754
2027-05-15,Sports,Football,2,350.88,West,701.76,367.2950026311595,334.4649973688405
2027-05-16,Electronics,T-Shirt,1,80.2,South,80.2,37.86718993943438,42.33281006056562
2027-05-17,Electronics,Jeans,3,160.21,North,480.63,289.20235398038744,191.42764601961255
2027-05-18,Clothing,Headphones,1,188.98,North,188.98,122.42491122578049,66.5550887742195
2027-05-19,Home Decor,Laptop,1,405.15,West,405.15,243.87098305160382,161.27901694839616
2027-05-20,Clothing,Laptop,3,150.2,South,450.59999999999997,291.67569345916706,158.9243065408329
2027-05-21,Electronics,Headphones,3,117.19,North,351.57,182.49916034018452,169.07083965981548
2027-05-22,Sports,Jeans,4,479.36,East,1917.44,856.8945236947994,1060.5454763052007
2027-05-23,Clothing,Laptop,4,19.3,West,77.2,47.97094394172824,29.229056058271766
2027-05-24,Electronics,Laptop,2,498.94,North,997.88,507.06508975719606,490.81491024280393
2027-05-25,Clothing,Laptop,3,343.26,North,1029.78,619.2903811213367,410.48961887866324
2027-05-26,Home Decor,Football,4,416.81,East,1667.24,802.2645217489037,864.9754782510963
2027-05-27,Clothing,Football,2,157.89,East,315.78,134.00720822377534,181.77279177622464
2027-05-28,Clothing,Vase,2,21.94,West,43.88,30.618346755800918,13.261653244199085
2027-05-29,Electronics,T-Shirt,2,372.87,West,745.74,333.24171375724956,412.49828624275045
2027-05-30,Electronics,Headphones,4,419.56,East,1678.24,1168.9382946727817,509.3017053272183
2027-05-31,Electronics,Headphones,3,374.13,West,1122.3899999999999,778.0227670539763,344.3672329460236
2027-06-01,Clothing,Headphones,1,84.28,East,84.28,53.78289693921087,30.49710306078913
2027-06-02,Home Decor,Vase,2,380.41,North,760.82,454.8386534033676,305.9813465966325
2027-06-03,Sports,Football,4,387.93,East,1551.72,889.666426804684,662.0535731953161
2027-06-04,Sports,Jeans,4,334.39,East,1337.56,882.5628349106728,454.99716508932715
2027-06-05,Electronics,Jeans,1,386.57,South,386.57,188.19459076173362,198.37540923826637
2027-06-06,Electronics,Vase,1,425.27,East,425.27,229.77523677003308,195.4947632299669
2027-06-07,Clothing,Jeans,4,312.6,East,1250.4,732.5055653087622,517.8944346912378
2027-06-08,Sports,Headphones,3,57.97,South,173.91,91.01704069753896,82.89295930246104
2027-06-09,Electronics,T-Shirt,1,251.5,West,251.5,132.8538529611107,118.6461470388893
2027-06-10,Home Decor,Laptop,4,52.66,South,210.64,105.12734870879171,105.51265129120827
2027-06-11,Home Decor,Football,1,212.66,North,212.66,121.06086144084001,91.59913855915998
2027-06-12,Electronics,Football,3,212.45,South,637.3499999999999,417.5741026291302,219.7758973708697
2027-06-13,Electronics,Vase,2,47.01,North,94.02,43.29230943004606,50.727690569953936
2027-06-14,Sports,Football,1,184.18,West,184.18,125.30316312328266,58.87683687671735
2027-06-15,Sports,Headphones,3,68.83,South,206.49,125.28291288674157,81.20708711325844
2027-06-16,Clothing,Jeans,4,406.99,South,1627.96,1053.2607577943747,574.6992422056253
2027-06-17,Sports,Headphones,1,474.63,West,474.63,269.0474365328947,205.58256346710527
2027-06-18,Home Decor,Vase,1,50.07,North,50.07,31.737120372090857,18.332879627909143
2027-06-19,Home Decor,Headphones,4,478.23,South,1912.92,774.4650192235841,1138.454980776416
2027-06-20,Electronics,Jeans,2,268.45,North,536.9,346.5765350192397,190.32346498076026
2027-06-21,Sports,T-Shirt,4,160.29,South,641.16,264.1846292673521,376.9753707326479
2027-06-22,Clothing,Vase,1,52.28,East,52.28,34.86940139487513,17.410598605124868
2027-06-23,Home Decor,T-Shirt,4,257.8,South,1031.2,719.3535954857467,311.8464045142533
2027-06-24,Home Decor,Laptop,3,400.34,West,1201.02,586.3622710270661,614.6577289729339
2027-06-25,Clothing,T-Shirt,4,357.94,West,1431.76,663.0417088443244,768.7182911556756
2027-06-26,Clothing,Laptop,1,39.36,North,39.36,24.781410600435745,14.578589399564255
2027-06-27,Home Decor,Laptop,4,50.36,South,201.44,95.86688783449274,105.57311216550725
2027-06-28,Home Decor,T-Shirt,2,210.39,North,420.78,277.5754018773599,143.20459812264005
2027-06-29,Clothing,Vase,4,158.22,North,632.88,272.6781059173872,360.2018940826128
2027-06-30,Home Decor,Jeans,2,127.71,East,255.42,111.8194428777647,143.60055712223527
2027-07-01,Electronics,Headphones,3,151.29,East,453.87,314.87025489405494,138.99974510594507
2027-07-02,Electronics,Headphones,2,404.69,West,809.38,487.3695182445329,322.0104817554671
2027-07-03,Clothing,Jeans,4,465.68,North,1862.72,1218.3421312064897,644.3778687935103
2027-07-04,Sports,Laptop,1,211.47,West,211.47,105.16378002855767,106.30621997144233
2027-07-05,Clothing,Laptop,2,454.46,South,908.92,548.0288828842803,360.8911171157197
2027-07-06,Clothing,Vase,3,170.93,North,512.79,296.53237998767264,216.25762001232732
2027-07-07,Sports,Football,2,246.07,North,492.14,285.9062900351921,206.23370996480787
2027-07-08,Sports,T-Shirt,2,124.62,South,249.24,150.7303170645545,98.50968293544551
2027-07-09,Sports,Laptop,2,325.63,South,651.26,372.916524527617,278.343475472383
2027-07-10,Electronics,Headphones,3,489.81,West,1469.43,776.915135197325,692.5148648026751
2027-07-11,Home Decor,Vase,4,307.69,West,1230.76,594.1823846007405,636.5776153992595
2027-07-12,Electronics,T-Shirt,2,188.54,South,377.08,237.77699447822502,139.30300552177496
2027-07-13,Home Decor,Vase,2,329.19,West,658.38,308.04397273964935,350.33602726035065
2027-07-14,Electronics,T-Shirt,1,74.62,South,74.62,45.34704349757272,29.272956502427284
2027-07-15,Home Decor,T-Shirt,3,446.0,North,1338.0,628.8597950114397,709.1402049885603
2027-07-16,Electronics,Jeans,2,259.0,North,518.0,304.3763084109221,213.6236915890779
2027-07-17,Sports,Laptop,3,232.93,East,698.79,436.1312466861282,262.6587533138718
2027-07-18,Clothing,Vase,2,299.14,North,598.28,278.56764363650126,319.7123563634987
2027-07-19,Electronics,Vase,4,318.02,South,1272.08,531.7078022478959,740.3721977521041
2027-07-20,Home Decor,Jeans,4,49.81,West,199.24,87.52456256624778,111.71543743375223
2027-07-21,Sports,Headphones,2,346.07,East,692.14,402.6864222780902,289.45357772190977
2027-07-22,Electronics,Headphones,4,132.34,West,529.36,346.6428848798966,182.71711512010341
2027-07-23,Electronics,Laptop,2,361.27,South,722.54,298.76960096463307,423.7703990353669
2027-07-24,Sports,Laptop,4,413.93,North,1655.72,1026.9526767861305,628.7673232138695
2027-07-25,Electronics,Football,1,404.92,East,404.92,203.43002383542853,201.4899761645715
2027-07-26,Clothing,Jeans,1,282.96,South,282.96,153.8053162657284,129.15468373427157
2027-07-27,Electronics,Headphones,1,267.28,East,267.28,181.3916741448168,85.88832585518318
2027-07-28,Clothing,T-Shirt,3,84.29,East,252.87,126.33169032076599,126.53830967923402
2027-07-29,Clothing,Vase,3,391.04,North,1173.1200000000001,633.0168191829271,540.103180817073
2027-07-30,Sports,Laptop,1,146.63,South,146.63,59.2538757429076,87.37612425709239
2027-07-31,Electronics,Vase,3,255.9,West,767.7,325.87300120431433,441.8269987956857
2027-08-01,Sports,Vase,4,152.87,East,611.48,292.02907584412935,319.45092415587067
2027-08-02,Electronics,Football,2,79.91,East,159.82,65.26340353840723,94.55659646159276
2027-08-03,Electronics,Headphones,2,320.34,West,640.68,377.624863167778,263.05513683222193
2027-08-04,Home Decor,Laptop,2,41.35,South,82.7,43.658943232248255,39.04105676775175
2027-08-05,Electronics,Vase,1,378.09,East,378.09,213.41046590983134,164.67953409016863
2027-08-06,Sports,Laptop,3,169.03,East,507.09000000000003,229.40455244885092,277.6854475511491
2027-08-07,Clothing,T-Shirt,4,15.07,East,60.28,29.463634820331766,30.816365179668235
2027-08-08,Electronics,Football,4,262.9,South,1051.6,630.0633453265377,421.5366546734622
2027-08-09,Home Decor,T-Shirt,1,37.72,South,37.72,26.011365620601598,11.7086343793984
2027-08-10,Sports,Laptop,4,148.94,West,595.76,247.31488911237565,348.4451108876243
2027-08-11,Electronics,Laptop,4,357.88,South,1431.52,954.9888888972191,476.53111110278087
2027-08-12,Sports,Headphones,4,45.4,South,181.6,104.06848784743462,77.53151215256537
2027-08-13,Home Decor,Vase,4,422.08,North,1688.32,960.9510048834563,727.3689951165436
2027-08-14,Home Decor,Vase,3,16.85,West,50.550000000000004,27.806723986425688,22.743276013574317
2027-08-15,Sports,T-Shirt,4,134.71,East,538.84,226.75369277458307,312.08630722541693
2027-08-16,Electronics,Football,2,374.34,South,748.68,319.65870040734865,429.0212995926513
2027-08-17,Clothing,Jeans,1,168.39,East,168.39,97.71227178988003,70.67772821011995
2027-08-18,Home Decor,Vase,3,64.42,East,193.26,97.07209605469079,96.1879039453092
2027-08-19,Electronics,Headphones,4,189.71,North,758.84,512.3539098925421,246.48609010745793
2027-08-20,Electronics,T-Shirt,3,146.14,South,438.41999999999996,228.84522701674192,209.57477298325804
2027-08-21,Clothing,T-Shirt,4,423.72,West,1694.88,750.8054636177798,944.0745363822203
2027-08-22,Home Decor,Jeans,2,166.97,South,333.94,205.17796217790098,128.76203782209902
2027-08-23,Home Decor,Headphones,1,397.63,East,397.63,194.0458362902766,203.58416370972338
2027-08-24,Electronics,Football,4,447.56,West,1790.24,998.3113889122443,791.9286110877557
2027-08-25,Electronics,Headphones,4,225.4,South,901.6,549.3898118234384,352.2101881765616
2027-08-26,Clothing,Football,4,456.32,East,1825.28,1223.0822230684746,602.1977769315254
2027-08-27,Clothing,Headphones,4,198.0,East,792.0,505.02462788487816,286.97537211512184
2027-08-28,Home Decor,Headphones,1,482.58,North,482.58,290.95149724020575,191.62850275979423
2027-08-29,Sports,Laptop,1,58.31,North,58.31,35.21282325963824,23.09717674036176
2027-08-30,Home Decor,T-Shirt,2,348.2,North,696.4,476.1825766311835,220.21742336881647
2027-08-31,Electronics,Headphones,1,254.5,East,254.5,124.38616984386053,130.11383015613947
2027-09-01,Home Decor,Jeans,4,203.01,South,812.04,325.0869194913216,486.95308050867834
2027-09-02,Sports,Headphones,2,321.87,North,643.74,310.01640842009897,333.72359157990104
2027-09-03,Clothing,Vase,2,356.37,South,712.74,331.6859705745497,381.0540294254503
2027-09-04,Sports,T-Shirt,2,17.12,North,34.24,20.49436485829099,13.745635141709013
2027-09-05,Sports,Vase,4,95.97,West,383.88,226.53276267539738,157.34723732460262
2027-09-06,Sports,T-Shirt,3,360.83,West,1082.49,625.720803649211,456.769196350789
2027-09-07,Clothing,Vase,4,338.2,North,1352.8,547.7122389921246,805.0877610078753
2027-09-08,Sports,Headphones,1,483.53,East,483.53,299.12781580055645,184.40218419944352
2027-09-09,Sports,Headphones,1,384.1,North,384.1,190.9204094307032,193.17959056929683
2027-09-10,Sports,Laptop,4,476.12,North,1904.48,1141.7677489830046,762.7122510169954
2027-09-11,Electronics,Jeans,4,355.73,East,1422.92,806.7579732452853,616.1620267547148
2027-09-12,Sports,Vase,2,159.56,West,319.12,160.45968787676614,158.66031212323387
2027-09-13,Clothing,Football,4,66.1,South,264.4,116.43458950669782,147.96541049330216
2027-09-14,Sports,Laptop,2,394.18,North,788.36,337.67482464788503,450.685175352115
2027-09-15,Sports,Vase,1,327.41,East,327.41,212.63822523328193,114.7717747667181
2027-09-16,Clothing,Vase,2,38.37,North,76.74,51.83934821380162,24.900651786198374
2027-09-17,Sports,Laptop,4,189.62,East,758.48,451.2473713129358,307.2326286870642
2027-09-18,Clothing,Headphones,1,479.05,South,479.05,206.48503381717438,272.56496618282563
2027-09-19,Sports,Vase,3,257.69,South,773.0699999999999,402.46655416793766,370.6034458320623
2027-09-20,Clothing,Headphones,2,224.87,West,449.74,278.24593475658804,171.49406524341197
2027-09-21,Sports,Laptop,1,236.98,East,236.98,150.23258592781178,86.7474140721882
2027-09-22,Sports,Headphones,2,116.31,East,232.62,101.29800477520591,131.32199522479408
2027-09-23,Electronics,T-Shirt,1,193.82,West,193.82,77.52978617798361,116.29021382201638
2027-09-24,Electronics,Football,1,194.36,West,194.36,119.26728687120632,75.09271312879369
2027-09-25,Sports,Vase,2,40.39,East,80.78,40.9537517288497,39.8262482711503
2027-09-26,Sports,Jeans,3,387.27,West,1161.81,553.4216867662233,608.3883132337767
2027-09-27,Home Decor,Football,1,217.0,South,217.0,87.63962528329812,129.36037471670187
